Five_Month_Rank,RegionName,StateName,Most_Recent_Rent,Most_Recent_Sale,Sales_Per_Rent_Most_Recent,Five_Month_Rent,Five_Month_Sale,Five_Month_Avg,GRM,Percent_Rule
1,"Indiana, PA",PA,1399.07385253906,133480,95.4059714272826,1292.0939453125,129207,99.9981467823925,8.33317889853271,0.0100001853251952
2,"Pottsville, PA",PA,914.98779296875,109532,119.708700861041,912.423754882813,103409.2,113.334620505668,9.44455170880565,0.00882342920052387
3,"Bay City, MI",MI,1174.50329589844,139726,118.966034823356,1206.60317382812,140899.8,116.773934509864,9.73116120915537,0.00856355490801353
4,"Binghamton, NY",NY,1396.70764160156,158701,113.625067460805,1316.82216796875,159810,121.36035061326,10.113362551105,0.00823992345891215
5,"Blacksburg, VA",VA,1626.51867675781,179856,110.577273147894,1607.31369628906,198244,123.338711327915,10.2782259439929,0.00810775456653953
6,"Peoria, IL",IL,1091.24755859375,132643,121.551703786565,1061.21345214844,134148.8,126.410760934489,10.5342300778741,0.00791071893411225
7,"Danville, IL",IL,667.699584960938,81835,122.562604265791,665.012512207031,89347.6,134.354765301295,11.1962304417746,0.00744298125754952
8,"Syracuse, NY",NY,1411.578125,190315,134.824276906388,1428.26345214844,193301.6,135.340297134419,11.2783580945349,0.00738878235952748
9,"Toledo, OH",OH,1171.80224609375,152481,130.12519860608,1178.3103515625,160645.2,136.33521914407,11.3612682620059,0.0073348618667878
10,"Punta Gorda, FL",FL,2474.41577148438,334554,135.205248792649,2442.94760742188,341457.8,139.772870675828,11.6477392229856,0.00715446420442548
11,"Florence, SC",SC,1295.83178710938,177026,136.6118671891,1304.73408203125,182915.4,140.193624524035,11.6828020436695,0.00713299198444335
12,"Watertown, NY",NY,1350.86511230469,180487,133.60845457921,1330.7201171875,188668.8,141.779475310522,11.8149562758768,0.00705320708663807
13,"Battle Creek, MI",MI,1090.33447265625,152331,139.710340102239,1093.98283691406,155184.2,141.852499658722,11.8210416382269,0.00704957616119465
14,"Terre Haute, IN",IN,922.478820800781,140480,152.285339058573,918.615319824219,130874.4,142.469211187381,11.8724342656151,0.00701906041077719
15,"Hinesville, GA",GA,1584.92163085938,224407,141.588704217711,1552.6048828125,223019,143.641825727102,11.9701521439251,0.00696176058009631
16,"Cleveland, OH",OH,1339.97106933594,189155,141.16349548781,1339.35578613281,193955.8,144.812754018122,12.0677295015102,0.00690546911271956
17,"Rocky Mount, NC",NC,1346.2275390625,196055,145.632884717639,1337.59008789063,193718.6,144.826581591595,12.0688817992996,0.00690480980086902
18,"Rochester, NY",NY,1378.5966796875,197494,143.25727234797,1378.72199707031,200781.2,145.628488140935,12.1357073450779,0.00686678831021187
19,"Carbondale, IL",IL,800.885925292969,114092,142.457241907784,796.039465332031,116303.2,146.102304050327,12.1751920041939,0.00684451902726693
20,"Muncie, IN",IN,954.572814941406,133060,139.392195039796,922.66337890625,134856,146.159480351178,12.1799566959315,0.00684184151173289
21,"LaGrange, GA",GA,1254.3076171875,186933,149.032818934126,1275.00864257813,187695.8,147.211394285509,12.2676161904591,0.00679295243994871
22,"Springfield, IL",IL,1047.56774902344,144624,138.056942030548,1032.96970214844,152072.4,147.218645119707,12.2682204266422,0.00679261787246363
23,"Kankakee, IL",IL,1154.59460449219,165509,143.348149520233,1132.63701171875,167153.8,147.57932000328,12.29827666694,0.00677601712745238
24,"Gulfport, MS",MS,1381.92077636719,204380,147.895598282614,1376.02814941406,205632,149.438803332302,12.4532336110252,0.00669170240728127
25,"Miami, FL",FL,2767.30346679688,416790,150.612321706239,2763.98920898438,415285.2,150.248488181543,12.5207073484619,0.00665564101245211
26,"Warner Robins, GA",GA,1416.22241210938,209274,147.769162675727,1424.57380371094,214105,150.294073527302,12.5245061272752,0.00665362230546198
27,"Duluth, MN",MN,1443.67846679688,201078,139.281706158669,1406.47587890625,212159,150.844392841622,12.5703660701352,0.00662934817239075
28,"Jackson, TN",TN,1280.64526367188,191261,149.347368413026,1299.38234863281,196558.8,151.270948236919,12.6059123530766,0.00661065466737084
29,"Scranton, PA",PA,1179.26159667969,186301,157.98106249245,1204.98784179688,182358,151.335966782925,12.6113305652437,0.00660781452854755
30,"Cape Coral, FL",FL,2285.22509765625,339492,148.559544680385,2237.13139648437,342010.2,152.878905788665,12.7399088157221,0.00654112478658348
31,"Rome, GA",GA,1266.65454101563,183074,144.53348886525,1254.63540039062,191817,152.886647340158,12.7405539450132,0.00654079357090678
32,"Sebastian, FL",FL,2269.72631835938,345624,152.275627772527,2235.78627929687,342252.4,153.07921117918,12.7566009315984,0.00653256567169982
33,"Rockford, IL",IL,995.298522949219,150989,151.702224527167,1001.68751220703,153719.4,153.460433644928,12.7883694704107,0.00651633763992724
34,"Chicago, IL",IL,1873.91052246094,286914,153.109765146741,1873.25651855469,287586.6,153.522273725698,12.7935228104748,0.00651371280356834
35,"East Stroudsburg, PA",PA,1739.91723632813,268196,154.142964044654,1744.02556152344,269140,154.321132635752,12.8600943863127,0.00647999391217745
36,"Elizabeth City, NC",NC,1491.77893066406,239406,160.483564339811,1516.76752929687,234570.2,154.651385574386,12.8876154645322,0.0064661560986727
37,"Trenton, NJ",NJ,2318.65380859375,354202,152.761916715295,2310.86928710937,357458.4,154.685685596323,12.8904737996936,0.00646472229246641
38,"Utica, NY",NY,1155.64501953125,173778,150.373165689311,1152.73334960937,178318,154.691455799753,12.8909546499794,0.00646448114945981
39,"Myrtle Beach, SC",SC,1877.10961914063,288378,153.628747655145,1899.85654296875,293978.8,154.737367454399,12.8947806211999,0.00646256309287864
40,"Akron, OH",OH,1191.83093261719,179113,150.283899417411,1178.80520019531,182554.4,154.863924904431,12.9053270753693,0.00645728177570802
41,"Atlantic City, NJ",NJ,1848.84338378906,278785,150.78886748571,1802.10148925781,279518.2,155.106802622486,12.9255668852072,0.00644717048570652
42,"Beaumont, TX",TX,1261.0341796875,192414,152.584286056134,1267.38520507812,197684.2,155.977992490305,12.9981660408588,0.00641116085695329
43,"Lawton, OK",OK,987.222412109375,148976,150.90419157086,974.697631835938,152050.6,155.99771152988,12.9998092941567,0.0064103504480478
44,"Winston, NC",NC,1561.48950195313,244955,156.872652485725,1580.75666503906,246697.6,156.062982656413,13.0052485547011,0.00640766940999451
45,"Pittsburgh, PA",PA,1332.79699707031,202050,151.598480822013,1333.20122070313,208103.2,156.092866379351,13.0077388649459,0.00640644267220843
46,"Enterprise, AL",AL,1293.83935546875,198753,153.614897521797,1299.70598144531,202898.2,156.110845757878,13.0092371464898,0.00640570483841312
47,"Findlay, OH",OH,1194.93115234375,188718,157.932111511066,1190.84826660156,185957.2,156.155242624389,13.0129368853657,0.00640388361731389
48,"Port St. Lucie, FL",FL,2358.35400390625,364891,154.72274280944,2360.58486328125,369301.4,156.444873363572,13.0370727802977,0.00639202792971066
49,"Montgomery, AL",AL,1230.82568359375,186265,151.33337115305,1237.304296875,193963.2,156.762730469686,13.0635608724738,0.00637906725025675
50,"Macon, GA",GA,1101.10412597656,165467,150.273708086643,1121.34475097656,176208.2,157.140076543403,13.0950063786169,0.00636374896841669
51,"Erie, PA",PA,1038.31420898438,161815,155.84396187574,1042.73718261719,164423.2,157.684220665567,13.1403517221306,0.00634178864428613
52,"El Paso, TX",TX,1455.32299804688,226040,155.319472243178,1433.82292480469,227114,158.397523202481,13.1997936002068,0.00631323002899287
53,"St. Marys, GA",GA,1678.46276855469,269574,160.607673312961,1660.81967773438,264758,159.414055330301,13.2845046108584,0.00627297259283714
54,"Wichita Falls, TX",TX,1123.787109375,179052,159.329110030085,1133.40637207031,180705.2,159.435489735177,13.2862908112647,0.00627212925842927
55,"Greenville, NC",NC,1434.16796875,221454,154.412875496736,1427.35080566406,227589,159.448538577113,13.2873782147594,0.00627161596414617
56,"Valdosta, GA",GA,1340.1015625,207031,154.489037094903,1328.82248535156,211891,159.457717141158,13.2881430950965,0.00627125496293643
57,"Florence, AL",AL,1067.34594726563,169910,159.189249216979,1044.529296875,167256.6,160.126288942201,13.3438574118501,0.00624507072889799
58,"South Bend, IN",IN,1209.24865722656,188557,155.929054684633,1198.30336914062,192197,160.390936844178,13.3659114036815,0.00623476625098532
59,"Lansing, MI",MI,1105.33386230469,178048,161.080743178137,1116.1212890625,179824.6,161.115643758615,13.4263036465513,0.00620672193383163
60,"Tuscaloosa, AL",AL,1444.20629882813,232032,160.664027146453,1439.57678222656,233378,162.115701559898,13.5096417966582,0.00616843396646883
61,"Saginaw, MI",MI,927.757690429688,146524,157.933479303349,910.137707519531,147633.6,162.210178504039,13.5175148753366,0.00616484125239465
62,"Ocala, FL",FL,1621.017578125,258749,159.621341243745,1621.50661621094,263426.6,162.457924849893,13.5381604041577,0.00615543994498254
63,"Sumter, SC",SC,1221.71374511719,196741,161.03690474656,1195.74494628906,194953.8,163.039618611837,13.5866348843197,0.00613347852819008
64,"Youngstown, OH",OH,845.650756835938,134082,158.554815822169,832.251745605469,135811,163.18499867032,13.5987498891933,0.00612801426692587
65,"Amarillo, TX",TX,1371.22375488281,229887,167.650975401638,1378.9087890625,225109.2,163.251697128603,13.6043080940502,0.00612551059247023
66,"New Haven, CT",CT,1843.70776367188,300240,162.845764342854,1820.87734375,298036.8,163.677581591635,13.6397984659696,0.00610957218621996
67,"Naples, FL",FL,3486.2197265625,555335,159.294319795377,3367.68989257813,551582.4,163.786577028842,13.6488814190702,0.00610550643490098
68,"Greensboro, NC",NC,1444.79333496094,239689,165.898467414013,1436.71723632812,236184.2,164.391568520209,13.6992973766841,0.00608303703773633
69,"Kingsport, TN",TN,1163.17602539063,187419,161.126945456995,1140.51640625,187751.8,164.619990533345,13.7183325444454,0.00607459638868975
70,"Fayetteville, NC",NC,1377.53955078125,223434,162.197883809059,1369.02478027344,225393,164.637633480222,13.7198027900185,0.00607394542099106
71,"New Orleans, LA",LA,1594.0751953125,263924,165.565589864323,1600.9314453125,263881,164.829668860987,13.7358057384155,0.00606686894968755
72,"Sioux City, IA",IA,1117.29089355469,179328,160.502516430134,1130.18603515625,187140.4,165.583712927516,13.7986427439597,0.00603924131377431
73,"Hickory, NC",NC,1400.90222167969,232541,165.993740606095,1395.94311523438,231706.6,165.985703479828,13.8321419566523,0.00602461524718923
74,"Davenport, IA",IL,948.930297851563,153171,161.414384540981,953.076428222656,158334.2,166.129593924875,13.8441328270729,0.0060193971247062
75,"Alexandria, LA",LA,1116.23693847656,185393,166.087497743108,1126.79016113281,187453.8,166.360877531575,13.8634064609646,0.00601102864349943
76,"Lakeland, FL",FL,1859.47912597656,305193,164.128220498156,1862.83779296875,309997,166.411161063018,13.8675967552515,0.00600921232453459
77,"Wheeling, WV",OH,815.306945800781,135470,166.158280262096,788.381018066406,131456.2,166.741964846403,13.8951637372002,0.00599729048965668
78,"Lubbock, TX",TX,1353.55505371094,222070,164.064253900252,1334.69270019531,222624,166.797945300384,13.899828775032,0.00599527768881752
79,"Bangor, ME",ME,1321.32421875,223498,169.146979089987,1339.90607910156,223858.6,167.07036671563,13.9225305596358,0.00598550191550185
80,"Gainesville, FL",FL,1621.97009277344,282932,174.437248418193,1634.24482421875,273501.8,167.356687288728,13.946390607394,0.0059752616773226
81,"Weirton, WV",OH,735.36376953125,117272,159.474813499112,731.764428710938,122946.6,168.013906082563,14.0011588402136,0.00595188828898837
82,"Niles, MI",MI,1308.21142578125,214843,164.22651244748,1333.24118652344,224269,168.213375244433,14.0177812703694,0.00594483047823568
83,"Jonesboro, AR",AR,1238.13146972656,192323,155.333262018188,1206.24279785156,202956.4,168.255014961735,14.0212512468113,0.00594335925278317
84,"Columbus, GA",GA,1170.94677734375,189357,161.712729958188,1188.42978515625,200254.4,168.503349967513,14.0419458306261,0.00593460011443569
85,"Allentown, PA",PA,1672.52758789063,278483,166.504278922669,1662.38239746094,280121.4,168.505995027286,14.0421662522738,0.00593450695827215
86,"Cincinnati, OH",OH,1434.67712402344,238616,166.320349020984,1435.71394042969,241934.6,168.511702218057,14.0426418515047,0.00593430596710717
87,"Bloomington, IN",IN,1551.38562011719,271428,174.958434885775,1589.65004882812,267933,168.548417431571,14.0457014526309,0.00593301328626233
88,"Canton, OH",OH,995.760070800781,169165,169.885301650988,994.1716796875,167940.4,168.924948709854,14.0770790591545,0.00591978868507816
89,"Cape Girardeau, MO",MO,1087.82373046875,187082,171.978230259222,1127.60642089844,190970,169.358737641669,14.1132281368058,0.00590462596689762
90,"Memphis, TN",TN,1488.90441894531,243951,163.845977549591,1482.9513671875,251671.2,169.709678664182,14.1424732220152,0.00589241584729401
91,"New Bern, NC",NC,1491.39697265625,254130,170.397288354007,1500.49934082031,254832.8,169.831997300768,14.1526664417307,0.00588817193399089
92,"Kalamazoo, MI",MI,1274.92028808594,214432,168.192476034663,1305.52026367188,221952.8,170.010995751028,14.1675829792523,0.00588197248997028
93,"Columbia, SC",SC,1438.33813476563,239360,166.414276458716,1431.57360839844,243441.6,170.051751842749,14.1709793202291,0.00588056276494419
94,"Sebring, FL",FL,1331.98681640625,217343,163.172035430801,1311.67666015625,224485.2,171.143702422256,14.2619752018547,0.00584304292735668
95,"Shreveport, LA",LA,1172.5986328125,203342,173.41142511166,1176.09816894531,201460.6,171.295734760529,14.2746445633774,0.00583785697523641
96,"Bloomington, IL",IL,1108.67260742188,185075,166.933861954411,1094.64729003906,187833.8,171.592988635908,14.299415719659,0.00582774394192665
97,"Savannah, GA",GA,1783.34899902344,305967,171.568773228094,1799.38852539063,308949.6,171.696993528916,14.3080827940763,0.00582421380506926
98,"Detroit, MI",MI,1370.03308105469,227207,165.840521036974,1370.6650390625,235388.4,171.732986026257,14.3110821688548,0.00582299314266336
99,"Jackson, MS",MS,1353.60803222656,221858,163.901214175764,1358.829296875,233674,171.967148881318,14.3305957401098,0.00581506413582598
100,"Tampa, FL",FL,2090.146484375,357177,170.88610902159,2091.71728515625,362906.2,173.496773476675,14.4580644563896,0.00576379594825398
101,"Corsicana, TX",TX,1309.43518066406,224372,171.350215202109,1293.74807128906,224481.8,173.512761086732,14.4593967572277,0.00576326486730355
102,"New York, NY",NY,3068.361328125,528584,172.269150688001,3105.8798828125,539075.2,173.566016826074,14.4638347355062,0.00576149650885906
103,"Palm Bay, FL",FL,1966.95178222656,338180,171.931006675306,1979.78828125,344137.4,173.825354589289,14.4854462157741,0.00575290067644493
104,"Reading, PA",PA,1262.06042480469,227579,180.323378759951,1280.94799804688,223047.2,174.126662706129,14.5105552255108,0.00574294587893
105,"St. Joseph, MO",MO,860.057983398438,158395,184.167815493227,863.396911621094,150352.4,174.140534876019,14.5117112396682,0.00574248839141307
106,"Fort Smith, AR",AR,1057.58227539063,175684,166.118517762705,1012.15415039062,176351.6,174.233934556253,14.5194945463544,0.0057394100784491
107,"Lake Charles, LA",LA,1096.20068359375,182264,166.26882534179,1096.79321289063,191697.6,174.780074992237,14.5650062493531,0.00572147597513284
108,"Burlington, NC",NC,1430.85571289063,239506,167.386549071498,1460.38666992187,255921.6,175.242355515126,14.6035296262605,0.00570638300917888
109,"Mobile, AL",AL,1141.85095214844,201469,176.440716383279,1149.92705078125,201621,175.333730833639,14.6111442361366,0.00570340912296462
110,"Lafayette, IN",IN,1240.63757324219,216020,174.120149719043,1247.89411621094,218897.8,175.413760796191,14.6178133996826,0.00570080702597713
111,"Pensacola, FL",FL,1661.49108886719,290742,174.988600268828,1689.44501953125,296379.2,175.429917264921,14.6191597720768,0.00570028200201381
112,"Knoxville, TN",TN,1702.16625976563,301519,177.138395424144,1711.33940429688,301343.2,176.086169256303,14.6738474380252,0.00567903773603279
113,"Philadelphia, PA",PA,1794.00341796875,316064,176.178036693967,1800.20747070312,317300,176.257462078006,14.6881218398339,0.00567351865963796
114,"Champaign, IL",IL,1004.45971679688,166394,165.655224612306,985.42138671875,174074.2,176.649504817052,14.7207920680877,0.00566092727537309
115,"Hanford, CA",CA,1853.3603515625,321121,173.26420074179,1799.73942871094,318143.8,176.772145414334,14.7310121178612,0.00565699984947353
116,"Spartanburg, SC",SC,1387.75109863281,240015,172.95248422895,1380.59040527344,244280.4,176.939082777139,14.7449235647615,0.00565166261915994
117,"Athens, GA",GA,1771.056640625,296123,167.201315422357,1727.10905761719,305604.4,176.945629838586,14.7454691532155,0.00565145350530682
118,"Morgantown, WV",WV,1278.99792480469,229120,179.140243745891,1302.94030761719,231005.8,177.295766083454,14.7746471736211,0.0056402926143724
119,"Baton Rouge, LA",LA,1334.99279785156,240118,179.864640757934,1356.59919433594,240924.2,177.594237860309,14.7995198216924,0.00563081331944212
120,"Tullahoma, TN",TN,1382.99572753906,237464,171.702627326658,1381.63596191406,246360.8,178.310934856315,14.8592445713595,0.00560818101708576
121,"Deltona, FL",FL,1883.32763671875,325093,172.616274333656,1891.94765625,337465.8,178.369522478696,14.8641268732246,0.00560633894234616
122,"St. Louis, MO",MO,1309.43981933594,229286,175.102357981048,1309.23190917969,233701.6,178.502829301211,14.8752357751009,0.00560215209985592
123,"Flint, MI",MI,1002.13250732422,178660,178.27981698452,1008.74373779297,180127.2,178.565866881216,14.880488906768,0.00560017442003744
124,"Jefferson, GA",GA,1995.97265625,341499,171.094027230615,1959.84677734375,350147.8,178.660803511674,14.8884002926395,0.00559719860397167
125,"Ann Arbor, MI",MI,1892.65283203125,336281,177.677064863023,1918.07895507813,342731.8,178.684928007064,14.8904106672554,0.00559644291856818
126,"Jackson, MI",MI,1035.95703125,167225,161.42078769254,932.150659179688,166991.6,179.146577171287,14.9288814309406,0.00558202124645603
127,"Clovis, NM",NM,1142.4013671875,189600,165.966187931637,1116.92778320313,200171.8,179.216421160146,14.9347017633455,0.00557984582844899
128,"Harrisburg, PA",PA,1296.33947753906,233851,180.393333730711,1304.49228515625,234087.4,179.447132546254,14.9539277121879,0.00557267193858469
129,"Indianapolis, IN",IN,1457.31298828125,255955,175.634885613606,1457.42521972656,261866.4,179.677417719676,14.9731181433063,0.00556552967362962
130,"Chattanooga, TN",TN,1570.50732421875,278532,177.351608429178,1557.01645507813,281320.2,180.67901535818,15.0565846131817,0.00553467705155238
131,"Oklahoma City, OK",OK,1306.39343261719,232074,177.644799955148,1306.67939453125,236106.4,180.691913401374,15.0576594501145,0.00553428197851159
132,"Odessa, TX",TX,1305.66235351563,202940,155.430689606363,1269.57214355469,229782.6,180.992156425731,15.0826797021442,0.00552510130686435
133,"Hammond, LA",LA,1161.45092773438,209908,180.729116476289,1167.96916503906,211440,181.03217647268,15.0860147060566,0.00552387989519042
134,"Visalia, CA",CA,1806.74987792969,324791,179.765336623224,1805.23757324219,327632.2,181.489796609748,15.124149717479,0.00550995162637307
135,"Tulsa, OK",OK,1286.78332519531,225984,175.619310240673,1278.62482910156,232283.4,181.666580151753,15.1388816793127,0.00550458977740795
136,"Waco, TX",TX,1455.38928222656,252040,173.177034541858,1458.91384277344,265038.6,181.668438690083,15.1390365575069,0.00550453346332737
137,"Hartford, CT",CT,1613.50085449219,291389,180.594264445994,1621.15378417969,295509,182.283138640995,15.1902615534163,0.00548597093211945
138,"York, PA",PA,1281.02197265625,236367,184.514399475821,1276.40356445313,232720.2,182.324937410927,15.1937447842439,0.00548471324987313
139,"Tallahassee, FL",FL,1381.51135253906,254608,184.296712098716,1384.44318847656,252440.4,182.340743268624,15.195061939052,0.00548423781802185
140,"Bowling Green, KY",KY,1308.42358398438,214478,163.920921806436,1288.21916503906,234932.6,182.370055015348,15.1975045846124,0.00548335635428656
141,"McAllen, TX",TX,1162.23693847656,208568,179.453941872977,1151.77807617188,210276.8,182.567114577219,15.2139262147683,0.00547743772100334
142,"Springfield, OH",OH,858.776184082031,150509,175.259867227086,837.952893066406,153008.2,182.597615290857,15.2164679409047,0.005476522781566
143,"Kokomo, IN",IN,795.964416503906,149771,188.16293403898,809.016088867187,148014.8,182.956559253668,15.2463799378056,0.0054657783469436
144,"Sierra Vista, AZ",AZ,1396.65441894531,243334,174.226348837069,1338.08894042969,245138.4,183.200378235905,15.2666981863254,0.0054585040141801
145,"North Port, FL",FL,2541.45288085938,436158,171.617582716118,2478.87602539062,456124.2,184.004442064876,15.3337035054064,0.00543465140720581
146,"Muskegon, MI",MI,1084.91247558594,191617,176.619777458557,1082.81364746094,199654,184.384451071672,15.3653709226393,0.00542345080720115
147,"Norwich, CT",CT,1610.00109863281,297142,184.560122506952,1640.15361328125,302809,184.622341192913,15.3851950994094,0.0054164625664404
148,"Virginia Beach, VA",VA,1627.97045898438,303714,186.559896295339,1627.74943847656,301303.6,185.104410345855,15.4253675288212,0.00540235642214883
149,"Yuma, AZ",AZ,1498.55773925781,272726,181.992320252587,1467.01147460938,271619.8,185.151789676577,15.4293158063814,0.00540097398867599
150,"Augusta, GA",GA,1323.95581054688,241025,182.049127380197,1308.3982421875,242749,185.531432382659,15.4609526985549,0.0053899222743966
151,"Monroe, LA",LA,1082.47399902344,195441,180.550295135328,1097.9259765625,204206.4,185.992866877374,15.4994055731145,0.00537655027737867
152,"Orlando, FL",FL,2010.69372558594,371994,185.007788737987,2025.03874511719,377497,186.414704859464,15.5345587382887,0.00536438367753171
153,"Key West, FL",FL,4781.4931640625,851479,178.078054445352,4541.58212890625,847359.8,186.578107793477,15.5481756494564,0.00535968561277777
154,"Grand Rapids, MI",MI,1504.88830566406,275918,183.34782652075,1511.94206542969,282530.8,186.866154768771,15.5721795640643,0.00535142386398116
155,"Elizabethtown, KY",KY,1226.12048339844,213692,174.283035715797,1212.12443847656,226581,186.928827443471,15.5774022869559,0.00534962966213655
156,"Joplin, MO",MO,927.509338378906,168047,181.180925136249,904.519470214844,169086.8,186.935500636419,15.5779583863682,0.00534943869193127
157,"Atlanta, GA",GA,1930.09143066406,354583,183.713058545627,1942.67241210938,363302.6,187.011766747396,15.5843138956163,0.00534725711324217
158,"Buffalo, NY",NY,1213.83837890625,226564,186.650878681352,1204.20490722656,225219.4,187.027472358263,15.5856226965219,0.00534680807793006
159,"Sherman, TX",TX,1419.43542480469,257602,181.482014256088,1438.60920410156,269468,187.31146668027,15.6092888900225,0.00533870145657949
160,"Michigan City, IN",IN,1064.10327148438,189624,178.200749007644,1040.42897949219,195384.6,187.792347052235,15.649362254353,0.00532503062929313
161,"Homosassa Springs, FL",FL,1442.39050292969,268627,186.237360447384,1426.41076660156,267994.6,187.880382197689,15.6566985164741,0.00532253547870577
162,"Little Rock, AR",AR,1150.40246582031,209394,182.018038226899,1152.04755859375,216638.2,188.04622984874,15.6705191540617,0.00531784126065371
163,"Corpus Christi, TX",TX,1395.72998046875,255481,183.044717513482,1413.3982421875,265973.6,188.180225545177,15.6816854620981,0.00531405463620262
164,"Elkhart, IN",IN,1150.275390625,213500,185.607726410625,1140.24885253906,214893.8,188.462193600531,15.7051828000442,0.00530610400364767
165,"Jacksonville, NC",NC,1248.94201660156,241341,193.23635268249,1261.92514648438,237886.2,188.510547287795,15.7092122739829,0.00530474296737001
166,"Columbus, OH",OH,1463.14672851563,272411,186.181600717765,1466.26750488281,277033.2,188.937693209085,15.7448077674238,0.00529275012844241
167,"Huntsville, AL",AL,1504.00549316406,266462,177.168235894823,1494.18361816406,283257.6,189.573487860913,15.7977906550761,0.0052749992168403
168,"Brownsville, TX",TX,1272.08129882813,240637,189.167940934028,1253.51057128906,237929,189.810126415865,15.8175105346554,0.00526842281222156
169,"Hagerstown, MD",MD,1406.44152832031,262965,186.971868154415,1380.81865234375,262195.6,189.884167305358,15.8236806087799,0.00526636851397869
170,"Fort Wayne, IN",IN,1106.33923339844,207394,187.4596812073,1103.70537109375,210159,190.41222911848,15.8676857598733,0.00525176352710924
171,"Greenville, SC",SC,1521.99584960938,282993,185.935461041258,1531.29191894531,292268.4,190.863934161751,15.9053278468126,0.0052393345258855
172,"Louisville, KY",KY,1274.77758789063,236332,185.390771099968,1265.63046875,241786.2,191.040122666137,15.9200102221781,0.00523450250159025
173,"Longview, TX",TX,1290.880859375,246844,191.221365013897,1279.39145507813,244846,191.376923011455,15.9480769176213,0.00522529040735044
174,"Bakersfield, CA",CA,1721.79187011719,331996,192.820053202716,1732.51669921875,332836.6,192.111625908187,16.0093021590156,0.00520530704621652
175,"Springfield, MO",MO,1275.85314941406,242554,190.111220959397,1269.33388671875,243880.8,192.132899429981,16.0110749524984,0.00520473069925451
176,"Cleveland, TN",TN,1368.58813476563,254272,185.791468989715,1342.41513671875,258302.2,192.41603654095,16.0346697117459,0.00519707202152653
177,"Panama City, FL",FL,1764.3837890625,338226,191.696388334941,1804.71228027344,347325,192.454500252736,16.0378750210613,0.00519603334131847
178,"Springfield, MA",MA,1596.34997558594,290204,181.792216267289,1518.94504394531,292330.6,192.456337485851,16.0380281238209,0.00519598373877149
179,"Lake Havasu City, AZ",AZ,1651.32238769531,308091,186.572290362993,1637.29948730469,315738.4,192.840956983237,16.0700797486031,0.00518562039747046
180,"Chambersburg, PA",PA,1261.17761230469,242305,192.125992117169,1227.58862304688,237918,193.809225283864,16.1507687736553,0.0051597131072339
181,"Bridgeport, CT",CT,2706.70654296875,500847,185.039268959931,2715.88618164063,527926,194.38443465296,16.1987028877467,0.00514444483060244
182,"Rochester, MN",MN,1470.40991210938,272692,185.453047993134,1438.70559082031,279678.4,194.395852622311,16.1996543851926,0.0051441426682229
183,"Killeen, TX",TX,1327.5615234375,253263,190.773079460918,1334.37890625,259518,194.485988038677,16.2071656698897,0.00514175859188958
184,"Ithaca, NY",NY,1702.11645507813,298433,175.330541638117,1605.90095214844,312699.4,194.71898287479,16.2265819062325,0.00513560611932238
185,"Houston, TX",TX,1640.47790527344,313690,191.218668042782,1643.86071777344,320226.6,194.8015403846,16.2334616987167,0.00513342963318299
186,"Baltimore, MD",MD,1741.23266601563,336012,192.973636756356,1743.26950683594,339973.8,195.020792061612,16.251732671801,0.00512765838672256
187,"Monroe, MI",MI,1117.72546386719,218626,195.599015203234,1138.60080566406,222816,195.692817791436,16.307734815953,0.00511004957302915
188,"Auburn, AL",AL,1357.58776855469,265413,195.503381915825,1382.56474609375,270828.4,195.888402886873,16.3240335739061,0.00510494743569637
189,"Johnson City, TN",TN,1109.95654296875,225182,202.874609304717,1135.95107421875,222593.4,195.953333776359,16.3294444813632,0.00510325586571188
190,"Kingston, NY",NY,1861.66833496094,365443,196.298660259303,1849.75656738281,363395.6,196.455904743272,16.3713253952727,0.00509020078224066
191,"Cookeville, TN",TN,1246.42736816406,252772,202.797215831616,1289.52434082031,253546.4,196.62009624317,16.3850080202642,0.00508595010940921
192,"College Station, TX",TX,1573.0966796875,300970,191.323269501648,1569.17705078125,308881,196.842669758786,16.4035558132322,0.00508019933495828
193,"The Villages, FL",FL,2043.51550292969,401487,196.468781090434,2056.87932128906,407373.6,198.054205603417,16.5045171336181,0.00504912277400662
194,"Tyler, TX",TX,1551.60522460938,292265,188.362990382157,1530.37978515625,304173.6,198.756937951153,16.5630781625961,0.00503127090962611
195,"Harrisonburg, VA",VA,1429.82666015625,277965,194.40468397031,1445.74289550781,287520.2,198.873673108391,16.572806092366,0.00502831764692642
196,"Augusta, ME",ME,1293.42761230469,256082,197.987113900948,1294.7568359375,257928.2,199.209761123401,16.6008134269501,0.00501983434125272
197,"Birmingham, AL",AL,1305.29211425781,251341,192.555365388775,1305.56086425781,260301.2,199.378831831005,16.6149026525838,0.00501557758572689
198,"Portland, ME",ME,2091.552734375,415562,198.685882105755,2144.47075195312,427818.2,199.498267631002,16.6248556359168,0.00501257485528462
199,"Clarksville, TN",TN,1324.98168945313,265697,200.52880889974,1343.16887207031,268416.4,199.838163004978,16.6531802504149,0.0050040492014285
200,"Winchester, VA",VA,1705.53430175781,335836,196.9095547676,1701.79421386719,340482.2,200.072486570678,16.6727072142231,0.00499818849228297
201,"Jacksonville, FL",FL,1750.00305175781,347894,198.796224755467,1761.72448730469,352614.4,200.152976552806,16.6794147127339,0.00499617850917231
202,"Torrington, CT",CT,1587.4189453125,298951,188.325206072899,1473.95261230469,295607.8,200.554480199865,16.7128733499888,0.0049861763197882
203,"Des Moines, IA",IA,1199.59204101563,237486,197.972303816666,1202.06337890625,241255.6,200.701231094418,16.7251025912015,0.00498253047351543
204,"Roanoke, VA",VA,1211.59545898438,246364,203.338497328568,1226.51604003906,246395,200.890157125179,16.7408464270983,0.00497784468044832
205,"Lexington, KY",KY,1354.8193359375,273271,201.702908093575,1344.51215820312,270264.2,201.012834544535,16.7510695453779,0.00497480671951048
206,"Hilton Head Island, SC",SC,2224.72778320313,476800,214.318355530901,2257.10307617187,456546,202.270780107357,16.8558983422797,0.00494386781654395
207,"Merced, CA",CA,1831.00512695313,370061,202.108117859723,1873.93286132813,381306.8,203.479435079522,16.9566195899602,0.00491450155446513
208,"Victoria, TX",TX,1197.73156738281,217624,181.696805800597,1111.00251464844,226169,203.571996478845,16.9643330399038,0.00491226699790173
209,"St. Cloud, MN",MN,1244.21899414063,252912,203.269682580826,1238.9287109375,252724.2,203.98607100546,16.998839250455,0.00490229551003624
210,"Boston, MA",MA,2949.00805664063,592401,200.881445089993,2967.36875,605327.8,203.994801791992,16.9995668159993,0.00490208569637806
211,"Clearlake, CA",CA,1558.880859375,321491,206.231924695576,1600.62321777344,327767.8,204.775112818834,17.0645927349028,0.00488340592875028
212,"State College, PA",PA,1516.91430664063,309123,203.784088953968,1544.98796386719,316536.8,204.879783793067,17.0733153160889,0.00488091104688993
213,"Crestview, FL",FL,1908.81970214844,394205,206.517671394689,1950.64719238281,399726.8,204.920090911834,17.0766742426528,0.00487995098748148
214,"Lebanon, PA",PA,1374.50610351563,221996,161.509650217044,1140.08049316406,234458.4,205.650742562315,17.1375618801929,0.00486261312524551
215,"Charleston, SC",SC,1919.68481445313,392677,204.552850053078,1939.96821289062,399693.4,206.030901611755,17.1692418009796,0.00485364084793651
216,"Charlotte, NC",NC,1763.42846679688,358694,203.407173442957,1767.81538085937,364509,206.191779948653,17.1826483290544,0.0048498538605614
217,"Albany, NY",NY,1484.66540527344,298888,201.316740417315,1498.7451171875,309037,206.197168855455,17.1830974046213,0.00484972711095273
218,"Williamsport, PA",PA,878.124938964844,182617,207.96243438351,900.001782226562,185832.2,206.479813340213,17.2066511116845,0.0048430884541353
219,"Dover, DE",DE,1507.77990722656,307621,204.022482675103,1475.18801269531,306319.8,207.647972572882,17.3039977144068,0.004815842830582
220,"Albuquerque, NM",NM,1523.85693359375,310603,203.826877151451,1515.12683105469,315416.2,208.178083534061,17.3481736278384,0.00480357962290677
221,"Racine, WI",WI,920.968627929688,207796,225.627663851178,930.301330566406,193745,208.260478228103,17.3550398523419,0.00480167916883742
222,"Providence, RI",RI,1897.46081542969,394098,207.697569718063,1888.70849609375,394065.2,208.642678748473,17.3868898957061,0.00479288324899978
223,"Lynchburg, VA",VA,1241.46008300781,245786,197.981395748552,1169.52551269531,244239.2,208.836145384397,17.4030121153664,0.00478844310288976
224,"Lebanon, NH",NH,1548.88415527344,333668,215.424761667276,1512.22282714844,316340.4,209.189012571987,17.4324177143322,0.00478036579314067
225,"Riverside, CA",CA,2490.38549804688,511430,205.36178049587,2510.32915039062,526055,209.556185059693,17.4630154216411,0.00477198990674098
226,"Lincoln, NE",NE,1193.92858886719,250434,209.756263762487,1190.19880371094,249617.4,209.727483527722,17.4772902939768,0.00476809230330473
227,"Worcester, MA",MA,1831.05480957031,376489,205.613178825788,1816.83823242188,381812,210.151896402487,17.5126580335406,0.0047584628885993
228,"Yakima, WA",WA,1607.33630371094,338189,210.403385538674,1612.85900878906,339143.8,210.274920592489,17.5229100493741,0.00475567888544347
229,"Kansas City, MO",MO,1359.23474121094,279910,205.932052436086,1360.26635742188,286515.4,210.631835770044,17.552652980837,0.00474762039814221
230,"Santa Maria, CA",CA,3557.98950195313,729201,204.947484977039,3510.48271484375,739526.6,210.662367563578,17.5551972969648,0.00474693231432615
231,"Gainesville, GA",GA,1660.14953613281,350493,211.121343211314,1695.87014160156,357613.8,210.873339430502,17.5727782858752,0.0047421831640769
232,"La Crosse, WI",WI,1138.19995117188,232439,204.216315209541,1117.54909667969,236477.2,211.603410268586,17.6336175223822,0.00472582175651474
233,"Stockton, CA",CA,2380.4921875,486154,204.224152699514,2384.12841796875,504536.6,211.623080450448,17.635256704204,0.00472538249547952
234,"Asheville, NC",NC,1834.58422851563,373291,203.474440801245,1829.93591308594,387361.8,211.680527842512,17.640043986876,0.0047241000870141
235,"Wichita, KS",KS,995.661010742188,209285,210.197042710344,989.956433105469,209864,211.993167559568,17.6660972966307,0.00471713315816657
236,"Richmond, VA",VA,1563.32836914063,331892,212.298328714168,1574.2259765625,334021.8,212.181608595593,17.6818007162994,0.0047129438155309
237,"Fresno, CA",CA,1824.76123046875,373658,204.770900302399,1801.26870117187,382318.4,212.249510442984,17.687459203582,0.00471143607310523
238,"Pueblo, CO",CO,1348.85168457031,285322,211.529557522028,1324.6927734375,281850,212.766315066863,17.7305262555719,0.00469999210018627
239,"Madera, CA",CA,1935.22375488281,404319,208.92622828748,1885.944921875,401497.2,212.889143973957,17.7407619978298,0.0046972803842094
240,"Pinehurst, NC",NC,1803.46484375,382103,211.871609986853,1832.38029785156,391059.4,213.416068956052,17.7846724130043,0.0046856827833612
241,"Minneapolis, MN",MN,1609.04833984375,337638,209.837076761029,1611.45654296875,344025,213.486985734167,17.7905821445139,0.00468412627852264
242,"San Antonio, TX",TX,1486.52319335938,313889,211.156476671344,1492.0658203125,318543.2,213.491386012236,17.790948834353,0.00468402973383987
243,"Dallas, TX",TX,1775.72985839844,375177,211.280447994707,1797.70261230469,386514,215.004415832985,17.9170346527487,0.00465106726355239
244,"Tucson, AZ",AZ,1552.98913574219,331310,213.336972149302,1559.34592285156,335435,215.112628368305,17.9260523640254,0.00464872754140612
245,"Ames, IA",IA,1042.12829589844,199552,191.485060702591,1010.53330078125,217616,215.347678133674,17.9456398444729,0.00464365350333271
246,"Abilene, TX",TX,995.869079589844,208464,209.328720283049,1010.60106201172,217652,215.368861345483,17.9474051121236,0.00464319676369488
247,"Fayetteville, AR",AR,1474.42077636719,316445,214.623264316504,1459.48994140625,314770.4,215.671510347452,17.9726258622877,0.00463668102657127
248,"Omaha, NE",NE,1216.33850097656,258725,212.708057660164,1204.34860839844,260497.4,216.297339643555,18.0247783036296,0.00462326537001305
249,"Longview, WA",WA,1683.40966796875,356975,212.054740323986,1654.28002929688,358200,216.529241516775,18.0441034597312,0.00461831387296727
250,"Columbus, IN",IN,1057.99243164063,233021,220.248267408355,1080.60190429688,234037.2,216.58040678013,18.0483672316775,0.00461722283592897
251,"Wilmington, NC",NC,1708.21508789063,366643,214.635149050666,1722.51015625,374943.8,217.672911035993,18.1394092529994,0.00459404891146353
252,"Holland, MI",MI,1239.21264648438,284836,229.852399269871,1293.09619140625,283153,218.972882204586,18.2477401837155,0.00456677552915297
253,"Nashville, TN",TN,1867.67456054688,403796,216.202548629117,1878.54291992187,413913.2,220.337366589002,18.3614472157502,0.00453849483399388
254,"Washington, DC",VA,2182.3525390625,477182,218.65486508655,2205.37744140625,487732.6,221.156066459535,18.4296722049613,0.00452169373424342
255,"Evansville, IN",IN,838.593322753906,178548,212.913691482369,833.94443359375,184444,221.170611098354,18.4308842581961,0.00452139637827064
256,"Grand Forks, ND",MN,961.264221191406,211306,219.820935120319,964.846655273437,213792.6,221.581946552337,18.4651622126948,0.00451300304722164
257,"Casper, WY",WY,1183.3505859375,271427,229.371585416476,1207.02058105469,267811.6,221.878238203683,18.4898531836403,0.0045069764754577
258,"Las Vegas, NV",NV,1788.84204101563,388255,217.042640489132,1811.82443847656,403115.4,222.491424356188,18.5409520296823,0.00449455525260648
259,"Statesboro, GA",GA,1083.33984375,223005,205.849532154254,1049.587109375,233530.4,222.497397228002,18.5414497690002,0.0044944345977012
260,"Modesto, CA",CA,1937.35571289063,422257,217.955328074457,1928.19802246094,432825.6,224.471550617809,18.7059625514841,0.00445490752501917
261,"Daphne, AL",AL,1665.19653320313,368630,221.373268950371,1657.66433105469,372891.4,224.949884614304,18.7458237178587,0.00444543459853107
262,"Salisbury, MD",DE,1656.24291992188,345354,208.516514000428,1577.03740234375,354903.2,225.044250359917,18.7536875299931,0.00444357053513113
263,"Midland, TX",TX,1414.95544433594,315574,223.027517412822,1388.61796875,312686.8,225.178419865525,18.7648683221271,0.00444092289393092
264,"Milwaukee, WI",WI,1213.50061035156,269987,222.486085047606,1211.11743164063,275145,227.182759335962,18.9318966113301,0.00440174246902769
265,"Fernley, NV",NV,1718.75,390833,227.393745454545,1717.57048339844,390357.2,227.272885609694,18.9394071341412,0.00439999693459846
266,"Manchester, NH",NH,1844.87292480469,408735,221.551844847673,1815.91760253906,415151.8,228.618192488208,19.051516040684,0.00437410509249644
267,"Hilo, HI",HI,2462.81201171875,556729,226.054200381892,2455.71899414063,561582.8,228.683656941182,19.0569714117652,0.00437285293306815
268,"Lancaster, PA",PA,1265.20922851563,296002,233.954980195076,1267.4384765625,292170.4,230.52038059663,19.2100317163858,0.00433801123098883
269,"Yuba City, CA",CA,1798.76806640625,392735,218.335541604674,1759.428125,406016.2,230.766005289361,19.2305004407801,0.00433339390152413
270,"Durham, NC",NC,1667.02429199219,380558,228.285815526546,1672.40712890625,388198,232.119316696456,19.3432763913713,0.00430812917353065
271,"Medford, OR",OR,1783.310546875,414953,232.686898379616,1804.81831054687,418945.2,232.125969440689,19.3438307867241,0.00430800570228964
272,"Rapid City, SD",SD,1391.86218261719,338797,243.412748928161,1448.0755859375,336412.2,232.316740415317,19.3597283679431,0.00430446810768902
273,"Pittsfield, MA",MA,1486.42785644531,306678,206.31879217697,1363.63896484375,317330.8,232.708809429159,19.3924007857633,0.0042972159174078
274,"Eugene, OR",OR,1848.85461425781,428607,231.822987429467,1869.51613769531,435472,232.932998661802,19.4110832218169,0.00429308000903689
275,"Janesville, WI",WI,928.0791015625,215003,231.664520446613,914.891516113281,214822,234.805981055136,19.567165087928,0.00425883529672604
276,"Charlottesville, VA",VA,1685.46325683594,404491,239.988026057202,1674.68054199219,394109,235.333838375629,19.6111531979691,0.00424928266543567
277,"California, MD",MD,1524.75524902344,351320,230.410749676061,1524.5505859375,358901.8,235.414818839415,19.6179015699512,0.004247820952521
278,"Raleigh, NC",NC,1712.67810058594,401448,234.39781232834,1734.05048828125,409181.8,235.968792584333,19.6640660486944,0.00423784852669706
279,"Phoenix, AZ",AZ,1862.63452148438,429677,230.682399066447,1881.54020996094,445865.2,236.968201710266,19.7473501425222,0.00421997547680541
280,"Chico, CA",CA,1621.68200683594,364339,224.667350605228,1646.74147949219,390774.8,237.301850270089,19.7751541891741,0.00421404215290287
281,"Albany, OR",OR,1601.11755371094,381303,238.148035486993,1590.32634277344,377869.2,237.604817223249,19.8004014352707,0.00420866888006071
282,"Kennewick, WA",WA,1719.64111328125,392111,228.019088966658,1697.91296386719,403500,237.644690032276,19.8037241693563,0.00420796273573033
283,"Columbia, MO",MO,1111.46960449219,257726,231.878585755614,1107.98706054688,264145.2,238.400979041781,19.8667482534817,0.00419461364638417
284,"Hot Springs, AR",AR,1039.34741210938,229879,221.176285543884,992.563818359375,238430.2,240.216493478581,20.0180411232151,0.00416291148671341
285,"Redding, CA",CA,1474.93237304688,345527,234.266334046367,1458.97780761719,353060.2,241.991480718011,20.1659567265009,0.00413237687968564
286,"Watertown, WI",WI,1102.7353515625,260746,236.453832400078,1092.72634277344,265920.2,243.354799450584,20.279566620882,0.00410922653778629
287,"Sacramento, CA",CA,2227.43725585938,526583,236.407556987206,2209.88564453125,538645.2,243.743472126249,20.3119560105207,0.00410267397636004
288,"Madison, WI",WI,1429.87963867188,337373,235.945034026336,1405.04064941406,343089.2,244.184536684456,20.3487113903713,0.0040952634166685
289,"Colorado Springs, CO",CO,1804.94470214844,433201,240.007906881778,1810.3337890625,443075.6,244.748014248495,20.3956678540412,0.00408583498857193
290,"Salem, OR",OR,1687.67333984375,410775,243.397220482271,1709.31127929688,419402,245.363150106001,20.4469291755001,0.00407559162640349
291,"Bismarck, ND",ND,1216.66870117188,284890,234.155772829201,1209.92998046875,296995.4,245.464948215382,20.4554123512818,0.0040739014155396
292,"Wausau, WI",WI,867.331726074219,190342,219.456978544461,780.793908691406,192807.2,246.93737726917,20.5781147724309,0.00404960970695807
293,"Prescott Valley, AZ",AZ,1890.65478515625,467635,247.340235600627,1914.33879394531,473093.6,247.131595251742,20.5942996043118,0.00404642716355772
294,"Vallejo, CA",CA,2257.3798828125,565010,250.294602296201,2286.52612304688,566121.2,247.590086242104,20.632507186842,0.00403893392977842
295,"Grand Junction, CO",CO,1536.00573730469,379174,246.857150849812,1526.38518066406,377971.6,247.625307679914,20.6354423066595,0.00403835944463569
296,"Whitewater, WI",WI,1258.39001464844,302169,240.123488332366,1178.36743164063,294844.8,250.214654684992,20.8512212237493,0.00399656847141488
297,"Morehead City, NC",NC,1570.166015625,392722,250.114953509345,1568.43178710937,392910.4,250.511627747698,20.8759689789748,0.00399183067465095
298,"Eau Claire, WI",WI,1014.03637695313,249404,245.951728821982,1009.93698730469,254312.8,251.81056164574,20.9842134704783,0.00397123930570812
299,"Ogden, UT",UT,1722.01232910156,433219,251.577176701183,1737.75678710937,438915.2,252.575736291672,21.047978024306,0.00395920849200341
300,"Sioux Falls, SD",SD,1174.05712890625,292296,248.962331392087,1180.35966796875,298685.8,253.046429919111,21.0872024932593,0.00395184393757169
301,"Boise City, ID",ID,1785.78039550781,437809,245.16396366615,1801.53896484375,455976.8,253.104045429041,21.0920037857534,0.0039509443569141
302,"Richmond, KY",KY,967.063537597656,236036,244.074965939003,940.479077148437,238300.4,253.38192607382,21.1151605061517,0.00394661140790547
303,"Spokane, WA",WA,1492.06494140625,371390,248.910077365648,1497.98095703125,384085.8,256.402324874139,21.3668604061782,0.00390012064239618
304,"Bremerton, WA",WA,1876.88586425781,488861,260.46389357475,1923.25708007813,497159.6,258.49877541062,21.5415646175517,0.00386849027973738
305,"Flagstaff, AZ",AZ,2203.23974609375,564482,256.205436108713,2229.632421875,578975.4,259.673026961598,21.6394189134665,0.00385099681588371
306,"Sheboygan, WI",WI,874.388244628906,215521,246.482041957767,832.330822753906,216262,259.82697514969,21.6522479291408,0.00384871508981655
307,"Beaver Dam, WI",WI,865.885192871094,233296,269.430638057731,846.463684082031,219965.8,259.864426716129,21.6553688930108,0.00384816041440093
308,"Eureka, CA",CA,1674.64245605469,412664,246.41916757097,1645.83645019531,427796.8,259.926677373826,21.6605564478188,0.00384723880635693
309,"Barnstable Town, MA",MA,2447.62670898438,605342,247.317941816047,2329.35146484375,608894.2,261.400741446651,21.7833951205543,0.0038255438544886
310,"Great Falls, MT",MT,1112.12634277344,292021,262.578979355667,1102.73654785156,290680,263.598772133131,21.9665643444276,0.00379364437818757
311,"San Diego, CA",CA,2949.86499023438,782686,265.329431208244,2986.41899414062,789710.6,264.433959718786,22.0361633098989,0.0037816625408607
312,"Urban Honolulu, HI",HI,2659.79052734375,678886,255.240400708541,2647.62138671875,700534.2,264.590021637567,22.0491684697973,0.00377943202019081
313,"Oxnard, CA",CA,2947.1923828125,769848,261.214030169736,2950.05478515625,780804.8,264.674677883531,22.0562231569609,0.0037782231681417
314,"Reno, NV",NV,1925.48291015625,496825,258.026180019268,1937.2857421875,514189.2,265.417325282846,22.1181104402372,0.00376765156130759
315,"Truckee, CA",CA,2275.53515625,581883,255.712595079797,2225.20971679688,594230.2,267.044582591243,22.2537152159369,0.00374469307819911
316,"Warrensburg, MO",MO,896.888305664063,244810,272.954835573133,886.401110839844,238058,268.566901698088,22.3805751415073,0.00372346701576861
317,"Austin, TX",TX,1811.39562988281,475772,262.654934212677,1836.9736328125,494226.6,269.043927017784,22.420327251482,0.00371686516430419
318,"Cheyenne, WY",WY,1262.19738769531,345013,273.343142176812,1259.75593261719,340745.8,270.485568813388,22.5404640677823,0.00369705490901777
319,"San Luis Obispo, CA",CA,2946.05517578125,787223,267.212578525872,2903.08208007812,786088.8,270.777325034794,22.5647770862328,0.00369307141900269
320,"Greeley, CO",CO,1782.84094238281,470393,263.844625068632,1761.78176269531,478521.8,271.61241541513,22.6343679512609,0.00368171682605748
321,"Wooster, OH",OH,1251.85180664063,305020,243.655038385517,1300.59772949219,357060,274.535309345352,22.877942445446,0.00364251870691813
322,"St. George, UT",UT,1842.201171875,501323,272.132602917493,1858.70844726562,522357.6,281.032563643022,23.4193803035852,0.00355830650739192
323,"Portland, OR",OR,1860.904296875,510440,274.296749627145,1865.834375,524842.6,281.291097983978,23.4409248319982,0.00355503607176704
324,"Bend, OR",OR,2152.38598632813,574398,266.865703293254,2191.6677734375,617368.8,281.689044061498,23.4740870051248,0.0035500138222688
325,"Kahului, HI",HI,3384.4072265625,979433,289.395730015267,3370.49174804687,957063.8,283.953758544164,23.6628132120137,0.00352170017092578
326,"Provo, UT",UT,1718.75512695313,499617,290.685387444157,1740.02143554687,503895,289.591260030443,24.1326050025369,0.00345314288799626
327,"Frankfort, KY",KY,764.737243652344,224773,293.921869067729,759.705126953125,220046.6,289.647380533707,24.1372817111422,0.00345247382578565
328,"Green Bay, WI",WI,921.153076171875,261690,284.089590285613,899.645129394531,261366.2,290.521441688793,24.2101201407328,0.00344208673269356
329,"Los Angeles, CA",CA,2904.84619140625,835434,287.600081020318,2917.82221679688,848345,290.745952620546,24.2288293850455,0.00343942878993437
330,"Salt Lake City, UT",UT,1723.28198242188,486277,282.1807486878,1740.1677734375,507518.4,291.649120129064,24.3040933440887,0.00342877770232074
331,"Idaho Falls, ID",ID,1260.17626953125,364080,288.911963193393,1269.62238769531,373899.2,294.496382250097,24.5413651875081,0.00339562745171777
332,"Denver, CO",CO,1950.25622558594,566431,290.43927283443,1962.6525390625,580897,295.97546607892,24.6646221732434,0.0033786584180371
333,"Fort Collins, CO",CO,1803.67468261719,532069,294.991666251007,1818.55134277344,539103.4,296.446620625967,24.7038850521639,0.00337328858021195
334,"Seattle, WA",WA,2169.89404296875,641397,295.58908743879,2206.27495117187,656857.2,297.722276025074,24.8101896687562,0.00335883499666575
335,"Durango, CO",CO,1805.06323242188,535784,296.822842755005,1837.11459960938,547769.2,298.168225388047,24.8473521156706,0.00335381142205399
336,"Kalispell, MT",MT,1820.28540039063,570889,313.626093950701,1910.46306152344,570113.6,298.416447552449,24.8680372960374,0.00335102172886849
337,"Napa, CA",CA,2928.232421875,831818,284.068297921301,2948.15522460938,880522.6,298.66900923328,24.8890841027733,0.00334818802448611
338,"Santa Rosa, CA",CA,2509.76684570313,745937,297.213664001136,2523.67651367188,754699,299.047439682329,24.9206199735274,0.00334395105024901
339,"Santa Cruz, CA",CA,3402.38012695313,1004982,295.376166830593,3502.62690429688,1091594.6,311.650264166268,25.970855347189,0.00320872501961523
340,"Logan, UT",UT,1389.63598632813,415978,299.343140284637,1285.90983886719,407121,316.601512559115,26.3834593799263,0.00315854460680532
341,"Salinas, CA",CA,2499.888671875,796237,318.508983603176,2499.32348632813,792865.6,317.232084736993,26.4360070614161,0.00315226626849257
342,"Boulder, CO",CO,2198.92919921875,708872,322.371452546927,2196.47705078125,711669.2,324.004842093329,27.0004035077774,0.00308637362805816
343,"San Francisco, CA",CA,3076.49291992188,1019039,331.233981850307,3103.0857421875,1055276.6,340.073297251558,28.3394414376298,0.00294054254797984
344,"Missoula, MT",MT,1523.13195800781,517080,339.484702741263,1533.03518066406,524269.2,341.981193003609,28.4984327503008,0.0029241374100635
345,"San Jose, CA",CA,3181.47802734375,1328293,417.508148283207,3210.63779296875,1341341.4,417.780355958407,34.8150296632006,0.00239360224993335
