RegionID,RegionName,State,Sep-22,Oct-22,Nov-22,Dec-22,Jan-23,Feb-23,Mar-23,Apr-23,May-23,Jun-23
394913,"New York, NY",NY,"$554,162","$545,334","$535,995","$531,301","$528,584","$520,585","$516,642","$510,420","$506,156","$499,188"
753899,"Los Angeles, CA",CA,"$859,954","$856,337","$849,322","$840,678","$835,434","$828,502","$821,616","$814,851","$808,352","$801,467"
394463,"Chicago, IL",IL,"$290,457","$287,437","$286,443","$286,682","$286,914","$285,668","$286,123","$285,511","$285,677","$284,939"
394514,"Dallas, TX",TX,"$396,723","$391,805","$387,637","$381,228","$375,177","$370,118","$364,279","$358,461","$352,877","$347,225"
394692,"Houston, TX",TX,"$327,666","$323,361","$320,765","$315,651","$313,690","$308,649","$306,375","$301,440","$299,241","$294,238"
395209,"Washington, DC",VA,"$493,312","$491,595","$491,614","$484,960","$477,182","$474,854","$468,374","$462,932","$457,457","$452,362"
394856,"Miami, FL",FL,"$411,279","$414,988","$416,303","$417,066","$416,790","$418,737","$418,626","$419,982","$420,070","$421,567"
394974,"Philadelphia, PA",PA,"$318,140","$317,783","$317,197","$317,316","$316,064","$316,300","$315,328","$315,430","$314,404","$314,578"
394347,"Atlanta, GA",GA,"$371,643","$368,126","$362,917","$359,244","$354,583","$350,726","$345,934","$342,195","$337,393","$333,601"
394976,"Phoenix, AZ",AZ,"$459,727","$454,558","$447,240","$438,124","$429,677","$422,439","$413,422","$405,714","$397,079","$389,409"
394404,"Boston, MA",MA,"$614,386","$609,546","$609,041","$601,265","$592,401","$588,567","$581,904","$575,132","$568,961","$562,934"
395057,"San Francisco, CA",CA,"$1,069,385","$1,066,732","$1,074,226","$1,047,001","$1,019,039","$1,013,619","$990,854","$971,576","$953,336","$935,998"
395025,"Riverside, CA",CA,"$539,279","$536,103","$525,218","$518,245","$511,430","$503,944","$496,081","$489,053","$481,406","$474,127"
394532,"Detroit, MI",MI,"$240,513","$237,711","$236,587","$234,924","$227,207","$225,699","$221,772","$218,957","$215,020","$212,146"
395078,"Seattle, WA",WA,"$664,439","$666,354","$660,498","$651,598","$641,397","$637,086","$626,321","$620,018","$610,112","$604,223"
394865,"Minneapolis, MN",MN,"$350,652","$347,372","$344,706","$339,757","$337,638","$333,093","$330,619","$326,102","$323,786","$319,210"
395056,"San Diego, CA",CA,"$797,418","$794,630","$790,251","$783,568","$782,686","$775,704","$773,271","$766,877","$764,793","$758,070"
395148,"Tampa, FL",FL,"$365,961","$365,005","$362,924","$363,464","$357,177","$356,518","$352,484","$351,124","$346,532","$345,637"
394530,"Denver, CO",CO,"$590,920","$587,509","$584,230","$575,395","$566,431","$561,532","$553,255","$545,875","$538,433","$531,303"
395121,"St. Louis, MO",MO,"$235,696","$235,414","$234,267","$233,845","$229,286","$228,905","$225,922","$224,962","$221,618","$221,018"
394358,"Baltimore, MD",MD,"$342,358","$342,410","$341,095","$337,994","$336,012","$334,514","$332,015","$329,980","$328,006","$325,915"
394458,"Charlotte, NC",NC,"$372,591","$368,888","$364,857","$357,515","$358,694","$350,421","$349,410","$342,191","$341,598","$333,810"
394943,"Orlando, FL",FL,"$383,048","$379,939","$377,531","$374,973","$371,994","$369,504","$366,813","$364,211","$361,456","$358,855"
395055,"San Antonio, TX",TX,"$318,988","$321,603","$319,167","$319,069","$313,889","$313,866","$309,942","$309,481","$305,262","$305,077"
394998,"Portland, OR",OR,"$534,834","$531,034","$528,404","$519,501","$510,440","$505,677","$497,497","$490,104","$482,794","$475,724"
395045,"Sacramento, CA",CA,"$553,701","$544,155","$539,940","$528,847","$526,583","$515,183","$512,088","$501,072","$498,141","$486,916"
394775,"Las Vegas, NV",NV,"$415,179","$411,524","$405,395","$395,224","$388,255","$381,478","$373,357","$365,740","$358,485","$350,767"
394982,"Pittsburgh, PA",PA,"$212,147","$210,749","$208,988","$206,582","$202,050","$200,366","$196,942","$194,647","$191,037","$188,514"
394355,"Austin, TX",TX,"$513,827","$504,689","$496,237","$480,608","$475,772","$461,219","$454,435","$440,483","$434,183","$419,832"
394466,"Cincinnati, OH",OH,"$242,999","$242,274","$244,783","$241,001","$238,616","$238,197","$236,412","$234,271","$233,053","$231,430"
394735,"Kansas City, MO",MO,"$290,733","$290,961","$286,886","$284,087","$279,910","$277,437","$273,152","$270,600","$266,385","$263,828"
394492,"Columbus, OH",OH,"$279,451","$277,399","$278,868","$277,037","$272,411","$271,905","$269,707","$267,929","$265,301","$263,731"
394705,"Indianapolis, IN",IN,"$267,744","$265,258","$261,639","$258,736","$255,955","$252,789","$249,773","$246,827","$243,789","$240,764"
394475,"Cleveland, OH",OH,"$199,453","$197,057","$192,863","$191,251","$189,155","$186,391","$183,942","$181,776","$179,144","$176,741"
395059,"San Jose, CA",CA,"$1,364,067","$1,350,004","$1,339,088","$1,325,255","$1,328,293","$1,314,361","$1,310,939","$1,299,372","$1,297,431","$1,284,397"
394902,"Nashville, TN",TN,"$426,379","$418,974","$412,368","$408,049","$403,796","$397,601","$393,145","$388,125","$383,262","$378,174"
395194,"Virginia Beach, VA",VA,"$300,480","$300,612","$300,533","$301,179","$303,714","$303,775","$305,241","$305,862","$307,516","$308,278"
395005,"Providence, RI",RI,"$391,529","$393,607","$396,412","$394,680","$394,098","$395,305","$394,497","$394,347","$394,045","$393,969"
394714,"Jacksonville, FL",FL,"$358,371","$355,295","$352,053","$349,459","$347,894","$344,813","$342,821","$340,073","$338,120","$335,208"
394862,"Milwaukee, WI",WI,"$278,020","$276,665","$277,295","$273,758","$269,987","$268,806","$265,797","$263,049","$260,533","$258,053"
394935,"Oklahoma City, OK",OK,"$235,019","$238,079","$239,210","$236,150","$232,074","$232,656","$229,197","$227,932","$225,084","$224,265"
395012,"Raleigh, NC",NC,"$418,447","$412,644","$408,513","$404,857","$401,448","$396,935","$393,652","$389,506","$386,057","$381,837"
394849,"Memphis, TN",TN,"$258,489","$256,812","$252,768","$246,336","$243,951","$238,636","$235,202","$229,989","$227,017","$221,625"
395022,"Richmond, VA",VA,"$335,130","$334,755","$334,297","$334,035","$331,892","$331,661","$330,294","$329,795","$328,245","$327,916"
394910,"New Orleans, LA",LA,"$260,911","$263,318","$265,215","$266,037","$263,924","$265,877","$264,795","$265,966","$264,782","$266,342"
394807,"Louisville, KY",KY,"$242,011","$245,271","$244,238","$241,079","$236,332","$236,088","$231,676","$229,994","$226,072","$224,732"
395053,"Salt Lake City, UT",UT,"$522,414","$522,165","$511,663","$495,073","$486,277","$475,842","$463,915","$452,360","$441,961","$430,145"
394669,"Hartford, CT",CT,"$295,686","$297,215","$298,061","$295,194","$291,389","$291,444","$288,300","$286,833","$284,177","$283,082"
394425,"Buffalo, NY",NY,"$226,087","$223,904","$225,115","$224,427","$226,564","$226,094","$227,747","$227,432","$229,203","$228,787"
394388,"Birmingham, AL",AL,"$265,669","$265,362","$261,133","$258,001","$251,341","$248,852","$243,162","$240,133","$234,282","$231,544"
394640,"Grand Rapids, MI",MI,"$288,338","$285,368","$283,427","$279,603","$275,918","$273,107","$269,697","$266,264","$263,053","$259,770"
395031,"Rochester, NY",NY,"$204,095","$202,629","$199,536","$200,152","$197,494","$197,034","$194,724","$194,526","$191,990","$191,809"
395167,"Tucson, AZ",AZ,"$343,195","$337,174","$333,765","$331,731","$331,310","$327,398","$326,552","$323,618","$322,459","$319,286"
395169,"Tulsa, OK",OK,"$231,648","$235,951","$236,145","$231,689","$225,984","$226,166","$220,990","$218,885","$214,489","$212,927"
394619,"Fresno, CA",CA,"$383,857","$385,437","$387,534","$381,106","$373,658","$373,235","$367,141","$362,620","$357,883","$353,743"
753924,"Urban Honolulu, HI",HI,"$710,236","$707,295","$705,736","$700,518","$678,886","$677,068","$663,918","$658,090","$643,296","$636,034"
394938,"Omaha, NE",NE,"$260,647","$261,430","$261,748","$259,937","$258,725","$258,530","$257,119","$256,172","$255,080","$254,291"
395238,"Worcester, MA",MA,"$387,418","$384,228","$380,177","$380,748","$376,489","$375,364","$371,721","$370,986","$366,960","$366,266"
394415,"Bridgeport, CT",CT,"$554,031","$539,777","$532,202","$512,773","$500,847","$484,906","$473,348","$457,907","$446,054","$430,535"
394653,"Greenville, SC",SC,"$297,445","$297,330","$295,151","$288,423","$282,993","$280,036","$274,070","$269,328","$264,143","$259,768"
394312,"Albuquerque, NM",NM,"$316,969","$317,892","$317,454","$314,163","$310,603","$309,775","$306,492","$304,057","$301,332","$298,963"
394357,"Bakersfield, CA",CA,"$331,071","$334,575","$333,071","$333,470","$331,996","$332,510","$330,991","$331,480","$329,985","$330,471"
394308,"Albany, NY",NY,"$315,978","$315,905","$308,637","$305,777","$298,888","$297,229","$289,808","$287,904","$280,774","$278,828"
394753,"Knoxville, TN",TN,"$305,222","$304,688","$299,306","$295,981","$301,519","$298,112","$297,769","$296,514","$296,419","$294,921"
394843,"McAllen, TX",TX,"$211,425","$209,133","$210,478","$211,780","$208,568","$210,592","$209,318","$210,446","$208,790","$210,404"
394367,"Baton Rouge, LA",LA,"$239,196","$239,365","$243,873","$242,069","$240,118","$241,226","$240,742","$239,824","$239,690","$239,412"
753906,"North Port, FL",FL,"$458,120","$465,011","$466,486","$454,846","$436,158","$436,006","$420,577","$414,276","$400,757","$395,979"
394908,"New Haven, CT",CT,"$297,892","$297,102","$297,310","$297,640","$300,240","$300,021","$301,646","$301,944","$303,739","$303,755"
394486,"Columbia, SC",SC,"$247,087","$243,902","$244,644","$242,215","$239,360","$238,166","$236,278","$234,112","$232,333","$230,504"
394318,"Allentown, PA",PA,"$282,527","$280,591","$280,345","$278,661","$278,483","$276,665","$276,529","$274,744","$274,580","$272,797"
394561,"El Paso, TX",TX,"$226,277","$226,129","$229,063","$228,061","$226,040","$226,814","$226,272","$225,499","$225,145","$224,831"
394952,"Oxnard, CA",CA,"$791,615","$780,173","$784,771","$777,617","$769,848","$766,768","$762,039","$755,914","$751,524","$746,636"
394457,"Charleston, SC",SC,"$401,001","$402,726","$406,248","$395,815","$392,677","$391,144","$386,515","$382,274","$379,320","$375,473"
845158,"Dayton, OH",OH,"$184,925","$182,817","$183,462","$181,902","$181,882","$180,422","$180,686","$179,097","$179,304","$177,785"
394440,"Cape Coral, FL",FL,"$345,989","$342,826","$340,127","$341,617","$339,492","$338,284","$337,085","$336,167","$334,667","$333,785"
394648,"Greensboro, NC",NC,"$233,015","$234,547","$236,159","$237,511","$239,689","$241,162","$243,047","$244,615","$246,571","$248,077"
394399,"Boise City, ID",ID,"$475,560","$465,589","$455,295","$445,631","$437,809","$427,656","$418,807","$409,167","$400,508","$391,002"
395134,"Stockton, CA",CA,"$512,888","$514,848","$512,421","$496,372","$486,154","$480,721","$468,690","$459,020","$449,032","$440,170"
394484,"Colorado Springs, CO",CO,"$450,856","$447,911","$442,772","$440,638","$433,201","$431,823","$424,941","$423,073","$416,231","$414,581"
394798,"Little Rock, AR",AR,"$220,416","$220,013","$219,138","$214,230","$209,394","$207,501","$203,053","$199,330","$195,510","$191,948"
394766,"Lakeland, FL",FL,"$315,792","$311,355","$309,915","$307,730","$305,193","$302,783","$300,711","$298,154","$295,968","$293,508"
394531,"Des Moines, IA",IA,"$243,624","$244,885","$239,384","$240,899","$237,486","$238,243","$234,349","$235,578","$231,634","$232,656"
394304,"Akron, OH",OH,"$189,803","$185,595","$181,877","$176,384","$179,113","$174,077","$173,697","$169,748","$170,097","$165,462"
395115,"Springfield, MA",MA,"$288,614","$291,839","$295,158","$295,838","$290,204","$293,194","$291,146","$292,135","$289,493","$289,966"
394931,"Ogden, UT",UT,"$447,573","$442,482","$436,494","$434,808","$433,219","$428,723","$426,524","$423,810","$421,023","$418,084"
394528,"Deltona, FL",FL,"$342,263","$345,122","$340,448","$334,403","$325,093","$322,513","$313,679","$309,370","$301,118","$297,223"
395235,"Winston, NC",NC,"$238,769","$247,306","$249,133","$253,325","$244,955","$250,196","$246,304","$249,806","$244,920","$249,391"
394816,"Madison, WI",WI,"$352,741","$347,470","$340,936","$336,926","$337,373","$331,621","$328,863","$324,787","$322,597","$318,516"
395006,"Provo, UT",UT,"$510,958","$506,448","$501,716","$500,736","$499,617","$496,035","$494,513","$492,488","$490,439","$488,236"
394549,"Durham, NC",NC,"$400,634","$388,392","$388,092","$383,314","$380,558","$375,651","$372,816","$367,989","$365,145","$360,283"
395143,"Syracuse, NY",NY,"$193,315","$192,694","$195,403","$194,781","$190,315","$191,139","$189,734","$189,034","$187,062","$186,543"
395224,"Wichita, KS",KS,"$206,078","$204,863","$213,627","$215,467","$209,285","$213,224","$213,494","$214,554","$213,517","$215,260"
395160,"Toledo, OH",OH,"$164,635","$166,228","$162,452","$157,430","$152,481","$149,948","$145,144","$141,118","$136,843","$132,882"
394352,"Augusta, GA",GA,"$240,120","$241,387","$246,162","$245,051","$241,025","$243,261","$242,236","$241,437","$240,757","$240,621"
394957,"Palm Bay, FL",FL,"$350,532","$348,357","$344,085","$339,533","$338,180","$333,182","$330,584","$326,156","$323,805","$319,067"
394711,"Jackson, MS",MS,"$240,722","$239,554","$236,089","$230,147","$221,858","$218,540","$211,072","$206,330","$199,298","$194,911"
394666,"Harrisburg, PA",PA,"$234,054","$236,018","$233,500","$233,014","$233,851","$232,789","$232,354","$232,068","$231,822","$231,239"
395113,"Spokane, WA",WA,"$394,436","$389,606","$386,365","$378,632","$371,390","$366,353","$359,620","$352,984","$346,782","$340,476"
394460,"Chattanooga, TN",TN,"$286,267","$282,620","$280,931","$278,251","$278,532","$275,805","$275,182","$272,769","$272,359","$269,747"
395075,"Scranton, PA",PA,"$176,880","$179,377","$183,820","$185,412","$186,301","$189,398","$191,320","$193,179","$195,285","$197,466"
394871,"Modesto, CA",CA,"$447,008","$437,581","$432,026","$425,256","$422,257","$414,926","$410,878","$404,092","$400,232","$393,146"
394590,"Fayetteville, AR",AR,"$313,125","$311,001","$314,863","$318,418","$316,445","$320,683","$321,252","$324,406","$324,443","$328,192"
394770,"Lansing, MI",MI,"$180,938","$181,340","$177,999","$180,798","$178,048","$179,586","$177,236","$179,083","$176,470","$178,337"
394768,"Lancaster, PA",PA,"$289,819","$290,572","$291,335","$293,124","$296,002","$296,977","$299,383","$300,813","$303,173","$304,402"
394997,"Portland, ME",ME,"$432,923","$436,278","$427,584","$426,744","$415,562","$413,212","$403,424","$400,945","$390,542","$388,298"
395245,"Youngstown, OH",OH,"$137,765","$136,719","$135,903","$134,586","$134,082","$132,721","$132,083","$130,782","$130,171","$128,838"
394589,"Fayetteville, NC",NC,"$225,661","$225,875","$224,533","$227,462","$223,434","$226,655","$223,802","$226,563","$223,451","$226,468"
394792,"Lexington, KY",KY,"$269,826","$267,237","$268,321","$272,666","$273,271","$274,747","$276,423","$278,238","$279,501","$281,378"
394898,"Myrtle Beach, SC",SC,"$293,386","$295,906","$295,744","$296,480","$288,378","$289,857","$285,260","$285,396","$280,016","$280,902"
394971,"Pensacola, FL",FL,"$297,038","$301,795","$298,178","$294,143","$290,742","$289,463","$285,573","$282,886","$279,635","$277,230"
394995,"Port St. Lucie, FL",FL,"$373,813","$371,084","$371,292","$365,427","$364,891","$360,668","$359,609","$354,984","$354,268","$349,618"
395068,"Santa Rosa, CA",CA,"$757,607","$749,235","$763,276","$757,440","$745,937","$747,507","$743,908","$738,395","$735,398","$732,309"
394698,"Huntsville, AL",AL,"$299,177","$288,647","$286,083","$275,919","$266,462","$258,774","$250,626","$241,497","$233,539","$225,106"
395019,"Reno, NV",NV,"$528,649","$523,177","$512,522","$509,773","$496,825","$494,234","$482,312","$479,341","$467,186","$464,450"
395116,"Springfield, MO",MO,"$249,322","$242,822","$243,533","$241,173","$242,554","$240,174","$241,249","$238,976","$240,122","$237,782"
395195,"Visalia, CA",CA,"$329,650","$325,815","$326,147","$331,758","$324,791","$329,512","$326,159","$329,653","$325,439","$329,717"
394746,"Killeen, TX",TX,"$267,649","$264,020","$258,816","$253,842","$253,263","$248,562","$245,243","$241,513","$238,328","$234,486"
394338,"Asheville, NC",NC,"$399,862","$395,324","$387,437","$380,895","$373,291","$366,762","$359,023","$352,542","$344,835","$338,324"
395244,"York, PA",PA,"$232,321","$230,946","$232,149","$231,818","$236,367","$236,055","$239,045","$239,300","$242,648","$242,550"
395183,"Vallejo, CA",CA,"$567,947","$568,509","$566,968","$562,172","$565,010","$560,639","$561,337","$557,703","$558,907","$554,805"
753917,"Santa Maria, CA",CA,"$757,649","$748,990","$724,151","$737,642","$729,201","$722,333","$717,043","$714,542","$707,454","$704,018"
395048,"Salem, OR",OR,"$431,041","$423,990","$419,295","$411,909","$410,775","$404,149","$401,171","$395,140","$392,611","$386,191"
395050,"Salinas, CA",CA,"$807,784","$784,186","$792,519","$783,602","$796,237","$789,340","$799,621","$793,060","$804,352","$797,337"
394502,"Corpus Christi, TX",TX,"$273,246","$273,347","$265,893","$261,901","$255,481","$251,229","$244,393","$240,371","$233,605","$229,458"
394870,"Mobile, AL",AL,"$196,895","$200,187","$203,348","$206,206","$201,469","$205,148","$203,877","$206,208","$204,168","$207,250"
394421,"Brownsville, TX",TX,"$244,071","$237,893","$239,462","$227,582","$240,637","$225,148","$235,372","$222,264","$232,325","$218,151"
395051,"Salisbury, MD",DE,"$358,635","$360,994","$360,243","$349,290","$345,354","$342,108","$335,686","$330,433","$325,988","$320,523"
395015,"Reading, PA",PA,"$216,501","$220,869","$221,732","$228,555","$227,579","$234,151","$234,092","$240,356","$240,078","$246,540"
394658,"Gulfport, MS",MS,"$208,636","$204,227","$205,965","$204,952","$204,380","$202,943","$202,941","$201,407","$201,164","$199,745"
394820,"Manchester, NH",NH,"$420,047","$415,775","$416,049","$415,153","$408,735","$409,936","$405,170","$404,985","$400,313","$400,749"
394612,"Fort Wayne, IN",IN,"$208,280","$210,524","$213,106","$211,491","$207,394","$208,853","$206,078","$205,867","$203,356","$203,855"
394596,"Flint, MI",MI,"$182,270","$181,845","$179,923","$177,938","$178,660","$175,869","$175,931","$173,679","$173,794","$171,278"
394972,"Peoria, IL",IL,"$135,230","$135,924","$134,092","$132,855","$132,643","$131,296","$130,321","$129,255","$128,321","$127,212"
394439,"Canton, OH",OH,"$164,544","$169,028","$167,627","$169,338","$169,165","$171,441","$171,577","$173,539","$173,711","$175,810"
395070,"Savannah, GA",GA,"$307,717","$313,085","$310,542","$307,437","$305,967","$305,126","$302,611","$301,323","$299,376","$297,997"
394901,"Naples, FL",FL,"$552,695","$547,508","$551,747","$550,627","$555,335","$555,034","$559,305","$558,862","$563,372","$562,856"
395096,"Shreveport, LA",LA,"$207,860","$199,483","$197,324","$199,294","$203,342","$200,356","$203,873","$203,322","$206,005","$204,877"
394372,"Beaumont, TX",TX,"$210,942","$206,037","$195,643","$183,385","$192,414","$182,599","$179,025","$173,557","$170,649","$164,695"
395146,"Tallahassee, FL",FL,"$255,747","$250,752","$249,524","$251,571","$254,608","$253,120","$256,385","$256,483","$259,165","$258,900"
394576,"Eugene, OR",OR,"$444,570","$440,957","$434,382","$428,844","$428,607","$423,081","$419,370","$415,109","$411,543","$407,144"
394520,"Davenport, IA",IL,"$162,551","$157,815","$159,296","$158,838","$153,171","$154,885","$151,004","$151,265","$147,240","$148,212"
394927,"Ocala, FL",FL,"$267,442","$265,296","$263,625","$262,021","$258,749","$256,983","$254,716","$252,600","$250,281","$248,204"
394875,"Montgomery, AL",AL,"$200,895","$198,825","$192,555","$191,276","$186,265","$184,290","$179,069","$177,470","$172,132","$170,440"
394679,"Hickory, NC",NC,"$230,907","$234,066","$229,944","$231,075","$232,541","$231,840","$231,912","$232,602","$232,520","$232,652"
395164,"Trenton, NJ",NJ,"$346,105","$364,778","$360,346","$361,861","$354,202","$358,221","$350,862","$353,643","$346,705","$349,780"
394332,"Ann Arbor, MI",MI,"$346,895","$344,763","$343,070","$342,650","$336,281","$335,125","$331,112","$329,172","$324,593","$323,159"
394602,"Fort Collins, CO",CO,"$542,782","$541,587","$541,805","$537,274","$532,069","$530,554","$526,250","$522,603","$518,985","$515,595"
394796,"Lincoln, NE",NE,"$253,393","$249,977","$246,904","$247,379","$250,434","$248,088","$249,930","$249,117","$250,717","$249,251"
395033,"Rockford, IL",IL,"$153,654","$156,490","$153,706","$153,758","$150,989","$150,748","$148,084","$147,911","$145,181","$145,014"
394645,"Greeley, CO",CO,"$484,325","$480,370","$480,367","$477,154","$470,393","$468,130","$464,258","$460,702","$456,246","$453,010"
394622,"Gainesville, FL",FL,"$271,484","$266,155","$271,532","$275,406","$282,932","$284,416","$292,262","$294,777","$302,168","$304,472"
394405,"Boulder, CO",CO,"$723,723","$716,995","$701,208","$707,548","$708,872","$702,804","$702,246","$702,557","$699,864","$698,416"
394808,"Lubbock, TX",TX,"$224,608","$224,990","$222,094","$219,358","$222,070","$217,606","$218,924","$215,610","$216,855","$213,025"
395109,"Spartanburg, SC",SC,"$246,606","$245,915","$245,428","$243,438","$240,015","$239,140","$236,377","$234,879","$232,176","$230,953"
394646,"Green Bay, WI",WI,"$254,398","$265,392","$263,917","$261,434","$261,690","$262,846","$261,383","$261,833","$261,301","$261,598"
395107,"South Bend, IN",IN,"$196,550","$192,276","$195,005","$188,597","$188,557","$183,830","$184,203","$178,592","$179,245","$173,851"
394488,"Columbus, GA",GA,"$203,217","$211,189","$203,938","$193,571","$189,357","$184,504","$176,933","$171,260","$165,683","$159,366"
394579,"Evansville, IN",IN,"$182,748","$187,944","$187,124","$185,856","$178,548","$179,833","$173,953","$173,819","$168,095","$168,581"
394471,"Clarksville, TN",TN,"$268,545","$267,469","$271,626","$268,745","$265,697","$266,006","$264,600","$262,686","$261,657","$260,456"
395028,"Roanoke, VA",VA,"$246,478","$250,025","$244,858","$244,250","$246,364","$243,523","$243,004","$242,509","$241,794","$240,711"
394747,"Kingsport, TN",TN,"$188,899","$190,669","$184,926","$186,846","$187,419","$187,021","$186,644","$187,341","$186,810","$187,036"
394741,"Kennewick, WA",WA,"$409,970","$409,413","$405,331","$400,675","$392,111","$389,200","$381,629","$377,746","$370,278","$366,821"
395229,"Wilmington, NC",NC,"$378,987","$379,182","$376,827","$373,080","$366,643","$364,845","$359,193","$356,342","$350,867","$348,461"
394660,"Hagerstown, MD",MD,"$265,611","$259,043","$260,687","$262,672","$262,965","$262,765","$264,199","$264,387","$265,194","$265,571"
753875,"Crestview, FL",FL,"$397,570","$402,364","$403,461","$401,034","$394,205","$395,716","$390,359","$389,752","$384,776","$385,058"
394543,"Duluth, MN",MN,"$214,703","$217,415","$216,728","$210,871","$201,078","$200,211","$191,955","$188,387","$180,960","$178,064"
395179,"Utica, NY",NY,"$181,655","$182,974","$179,396","$173,787","$173,778","$169,414","$167,437","$163,664","$162,181","$158,011"
394803,"Longview, TX",TX,"$244,172","$241,679","$244,807","$246,728","$246,844","$248,217","$249,892","$250,752","$251,964","$253,276"
395061,"San Luis Obispo, CA",CA,"$792,286","$774,671","$788,546","$787,718","$787,223","$787,448","$790,398","$789,813","$791,364","$791,528"
394851,"Merced, CA",CA,"$391,329","$388,434","$382,690","$374,020","$370,061","$363,748","$358,373","$351,704","$346,385","$339,867"
395197,"Waco, TX",TX,"$266,335","$274,218","$270,441","$262,159","$252,040","$250,591","$239,603","$235,195","$225,495","$221,697"
395103,"Sioux Falls, SD",SD,"$302,436","$301,657","$298,427","$298,613","$292,296","$293,510","$287,934","$288,486","$282,966","$283,811"
394412,"Bremerton, WA",WA,"$508,435","$502,424","$494,945","$491,133","$488,861","$482,759","$478,800","$474,756","$470,485","$465,973"
395065,"Santa Cruz, CA",CA,"$1,126,421","$1,162,651","$1,105,353","$1,058,566","$1,004,982","$975,258","$921,820","$884,130","$833,581","$797,726"
394572,"Erie, PA",PA,"$165,041","$165,568","$163,554","$166,138","$161,815","$164,712","$161,384","$163,841","$160,310","$163,007"
394483,"College Station, TX",TX,"$313,466","$315,275","$308,103","$306,591","$300,970","$300,108","$293,646","$292,920","$286,815","$285,923"
394732,"Kalamazoo, MI",MI,"$221,900","$226,418","$225,757","$221,257","$214,432","$214,388","$208,245","$205,961","$200,566","$198,819"
394323,"Amarillo, TX",TX,"$226,764","$221,725","$218,502","$228,668","$229,887","$230,596","$234,812","$237,869","$239,818","$243,108"
394924,"Norwich, CT",CT,"$296,889","$307,958","$307,274","$304,782","$297,142","$299,824","$292,906","$293,004","$286,955","$287,671"
394811,"Lynchburg, VA",VA,"$252,282","$239,814","$239,991","$243,323","$245,786","$243,149","$245,576","$246,250","$247,474","$248,018"
394348,"Atlantic City, NJ",NJ,"$278,767","$280,150","$278,486","$281,403","$278,785","$281,481","$279,361","$281,897","$279,656","$282,297"
395171,"Tuscaloosa, AL",AL,"$240,965","$231,653","$231,770","$230,470","$232,032","$228,719","$230,632","$228,168","$229,676","$227,048"
395240,"Yakima, WA",WA,"$341,019","$336,204","$338,489","$341,818","$338,189","$340,625","$341,012","$342,075","$342,270","$343,458"
394609,"Fort Smith, AR",AR,"$178,553","$179,422","$175,374","$172,725","$175,684","$170,837","$172,068","$168,672","$169,804","$165,759"
845160,"Prescott Valley, AZ",AZ,"$477,244","$474,317","$472,442","$473,830","$467,635","$469,504","$465,197","$466,324","$461,601","$463,140"
394387,"Binghamton, NY",NY,"$159,220","$158,052","$160,816","$162,261","$158,701","$160,317","$160,109","$160,562","$160,235","$160,759"
395174,"Tyler, TX",TX,"$312,544","$312,697","$299,926","$303,436","$292,265","$293,936","$283,023","$285,484","$274,218","$276,519"
753895,"Lafayette, IN",IN,"$222,404","$220,715","$217,333","$218,017","$216,020","$215,379","$213,516","$212,723","$210,881","$210,154"
394813,"Macon, GA",GA,"$185,469","$179,272","$177,921","$172,912","$165,467","$161,724","$156,584","$151,319","$145,876","$141,131"
394519,"Daphne, AL",AL,"$375,197","$375,580","$379,147","$365,903","$368,630","$361,928","$362,355","$354,122","$355,999","$347,622"
394681,"Hilton Head Island, SC",SC,"$443,522","$440,192","$457,876","$464,340","$476,800","$481,563","$493,367","$499,047","$510,691","$515,985"
394454,"Champaign, IL",IL,"$181,895","$176,692","$172,782","$172,608","$166,394","$165,221","$160,260","$158,890","$153,396","$152,272"
395030,"Rochester, MN",MN,"$284,869","$281,859","$281,097","$277,875","$272,692","$270,555","$267,100","$264,008","$260,264","$257,308"
394848,"Medford, OR",OR,"$427,207","$423,667","$417,718","$411,181","$414,953","$409,027","$406,660","$402,910","$400,681","$396,855"
394459,"Charlottesville, VA",VA,"$387,514","$387,915","$390,356","$400,269","$404,491","$408,870","$414,929","$420,515","$425,362","$431,084"
395247,"Yuma, AZ",AZ,"$278,442","$269,572","$269,844","$267,515","$272,726","$268,979","$272,928","$270,154","$274,222","$270,966"
845164,"Lebanon, NH",NH,"$317,665","$307,180","$311,930","$311,259","$333,668","$331,066","$345,749","$346,175","$362,563","$361,305"
394765,"Lake Havasu City, AZ",AZ,"$315,035","$320,325","$318,557","$316,684","$308,091","$308,886","$301,801","$301,112","$294,187","$294,148"
394346,"Athens, GA",GA,"$309,284","$306,931","$306,591","$309,093","$296,123","$296,234","$292,094","$289,229","$284,574","$282,054"
394361,"Barnstable Town, MA",MA,"$607,099","$604,012","$613,426","$614,592","$605,342","$608,959","$607,919","$607,949","$605,220","$606,077"
394464,"Chico, CA",CA,"$405,599","$403,543","$394,602","$385,791","$364,339","$358,403","$342,050","$333,411","$316,167","$309,006"
394763,"Lake Charles, LA",LA,"$194,181","$198,965","$192,639","$190,439","$182,264","$180,524","$173,094","$170,945","$163,389","$161,462"
394485,"Columbia, MO",MO,"$261,333","$266,934","$269,719","$265,014","$257,726","$259,395","$253,524","$251,879","$247,072","$246,236"
394623,"Gainesville, GA",GA,"$362,107","$364,710","$363,156","$347,603","$350,493","$342,272","$341,167","$331,701","$329,199","$320,659"
394565,"Elkhart, IN",IN,"$218,208","$214,311","$212,100","$216,350","$213,500","$213,460","$212,193","$212,131","$210,896","$210,828"
395114,"Springfield, IL",IL,"$155,300","$158,691","$150,314","$151,433","$144,624","$146,019","$138,413","$140,071","$132,657","$134,145"
394726,"Johnson City, TN",TN,"$220,089","$220,194","$222,571","$224,931","$225,182","$227,749","$228,937","$231,143","$232,122","$234,529"
394597,"Florence, SC",SC,"$188,844","$183,552","$185,145","$180,010","$177,026","$173,544","$170,837","$167,090","$164,409","$160,778"
394716,"Jacksonville, NC",NC,"$233,585","$238,665","$236,444","$239,396","$241,341","$242,990","$244,333","$246,516","$247,815","$249,761"
394680,"Hilo, HI",HI,"$560,767","$565,414","$570,011","$554,993","$556,729","$553,818","$551,430","$547,401","$546,147","$541,988"
395118,"St. Cloud, MN",MN,"$251,941","$253,742","$251,375","$253,651","$252,912","$254,481","$253,405","$255,361","$254,232","$256,021"
394380,"Bend, OR",OR,"$647,309","$643,411","$627,834","$593,892","$574,398","$556,017","$531,247","$508,933","$488,215","$465,424"
394872,"Monroe, LA",LA,"$208,082","$204,896","$207,785","$204,828","$195,441","$194,984","$190,781","$187,725","$182,566","$179,838"
395011,"Racine, WI",WI,"$184,860","$182,743","$193,883","$199,443","$207,796","$211,588","$219,800","$224,449","$232,363","$236,810"
395009,"Punta Gorda, FL",FL,"$349,591","$345,744","$339,401","$337,999","$334,554","$330,572","$327,342","$324,186","$320,611","$317,246"
395047,"Saginaw, MI",MI,"$144,991","$149,069","$150,496","$147,088","$146,524","$147,155","$145,321","$144,604","$144,063","$143,215"
395202,"Warner Robins, GA",GA,"$224,016","$220,582","$210,691","$205,962","$209,274","$202,591","$199,875","$195,879","$194,386","$190,066"
395151,"Terre Haute, IN",IN,"$131,881","$132,140","$115,088","$134,783","$140,480","$140,576","$147,741","$155,511","$159,604","$165,450"
395119,"St. George, UT",UT,"$526,095","$527,656","$526,599","$530,115","$501,323","$504,855","$488,948","$487,781","$468,914","$470,667"
394860,"Midland, TX",TX,"$320,904","$315,942","$303,565","$307,449","$315,574","$309,761","$311,937","$313,943","$314,831","$315,013"
394539,"Dover, DE",DE,"$304,316","$302,481","$309,460","$307,721","$307,621","$308,453","$309,374","$309,045","$310,126","$310,297"
394651,"Greenville, NC",NC,"$230,517","$224,111","$234,201","$227,662","$221,454","$221,488","$218,792","$214,468","$212,446","$209,748"
394406,"Bowling Green, KY",KY,"$247,146","$251,184","$242,599","$219,256","$214,478","$202,979","$192,932","$179,028","$170,230","$156,755"
394729,"Joplin, MO",MO,"$166,338","$170,859","$170,185","$170,005","$168,047","$169,195","$167,080","$167,650","$165,782","$166,472"
395162,"Torrington, CT",CT,"$295,411","$289,978","$292,195","$301,504","$298,951","$302,392","$303,515","$307,794","$308,737","$312,671"
394712,"Jackson, TN",TN,"$198,261","$199,409","$196,065","$197,798","$191,261","$194,099","$188,315","$190,452","$184,734","$187,180"
395018,"Redding, CA",CA,"$361,289","$359,380","$354,475","$344,630","$345,527","$336,539","$334,527","$326,513","$325,197","$316,557"
394748,"Kingston, NY",NY,"$365,401","$363,505","$361,616","$361,013","$365,443","$363,576","$365,384","$364,832","$367,123","$367,031"
395246,"Yuba City, CA",CA,"$427,238","$414,430","$404,767","$390,911","$392,735","$379,742","$376,013","$364,957","$362,533","$350,252"
394896,"Muskegon, MI",MI,"$200,640","$206,276","$200,462","$199,275","$191,617","$190,672","$183,811","$182,517","$175,492","$174,389"
394299,"Abilene, TX",TX,"$226,388","$228,237","$214,008","$211,163","$208,464","$201,892","$196,503","$192,567","$186,898","$181,804"
394428,"Burlington, NC",NC,"$266,442","$264,616","$261,199","$247,845","$239,506","$233,360","$222,893","$214,310","$205,917","$197,186"
394960,"Panama City, FL",FL,"$348,921","$356,333","$352,046","$341,099","$338,226","$334,169","$328,083","$322,942","$318,590","$312,927"
753869,"Bloomington, IL",IL,"$193,406","$187,845","$186,640","$186,203","$185,075","$182,837","$182,003","$180,590","$179,379","$177,802"
394553,"East Stroudsburg, PA",PA,"$271,438","$270,657","$267,828","$267,581","$268,196","$266,784","$266,312","$265,992","$265,398","$264,757"
394555,"Eau Claire, WI",WI,"$262,692","$256,211","$254,955","$248,302","$249,404","$241,909","$242,463","$235,496","$235,996","$228,797"
395007,"Pueblo, CO",CO,"$290,856","$278,271","$278,107","$276,694","$285,322","$280,365","$287,086","$284,092","$290,582","$286,733"
394393,"Bloomington, IN",IN,"$259,955","$264,065","$269,376","$274,841","$271,428","$276,772","$278,705","$282,113","$284,039","$287,419"
394731,"Kahului, HI",HI,"$913,402","$920,489","$974,463","$997,532","$979,433","$1,011,472","$1,025,447","$1,043,687","$1,050,992","$1,072,373"
394930,"Odessa, TX",TX,"$241,017","$250,532","$235,177","$219,247","$202,940","$194,881","$178,346","$166,686","$151,411","$140,596"
394392,"Blacksburg, VA",VA,"$197,614","$220,722","$206,418","$186,610","$179,856","$172,288","$158,090","$148,699","$139,131","$128,238"
394351,"Auburn, AL",AL,"$273,071","$273,085","$270,670","$271,903","$265,413","$268,008","$262,495","$264,214","$258,776","$260,883"
395215,"Wausau, WI",WI,"$194,248","$195,295","$195,009","$189,142","$190,342","$187,318","$187,053","$183,518","$182,693","$179,535"
394720,"Janesville, WI",WI,"$219,349","$216,376","$212,274","$211,108","$215,003","$211,734","$211,981","$210,662","$211,542","$210,231"
395079,"Sebastian, FL",FL,"$338,434","$341,803","$341,463","$343,938","$345,624","$347,451","$348,951","$350,936","$352,425","$354,339"
395125,"State College, PA",PA,"$308,578","$318,091","$319,928","$326,964","$309,123","$316,462","$307,690","$311,692","$300,847","$306,916"
394814,"Madera, CA",CA,"$402,166","$395,984","$399,112","$405,905","$404,319","$406,893","$409,774","$411,796","$413,479","$416,047"
394710,"Jackson, MI",MI,"$169,489","$169,750","$164,020","$164,474","$167,225","$165,489","$165,449","$166,060","$165,859","$165,557"
394453,"Chambersburg, PA",PA,"$240,080","$234,601","$236,486","$236,118","$242,305","$240,873","$245,325","$244,842","$249,588","$248,591"
394639,"Grand Junction, CO",CO,"$383,652","$377,917","$376,676","$372,439","$379,174","$375,002","$378,014","$375,192","$379,062","$375,399"
394703,"Idaho Falls, ID",ID,"$385,860","$377,183","$371,154","$371,219","$364,080","$359,869","$354,415","$351,144","$345,629","$341,936"
394563,"Elizabethtown, KY",KY,"$232,993","$233,091","$231,583","$221,546","$213,692","$210,067","$201,486","$194,802","$187,412","$180,745"
394917,"Niles, MI",MI,"$230,611","$230,017","$223,551","$222,323","$214,843","$214,174","$206,864","$205,893","$198,676","$197,780"
394685,"Homosassa Springs, FL",FL,"$267,640","$268,027","$268,083","$267,596","$268,627","$268,009","$268,620","$268,187","$268,884","$268,350"
394662,"Hanford, CA",CA,"$317,011","$317,281","$318,316","$316,990","$321,121","$318,828","$322,194","$320,541","$323,864","$321,924"
395223,"Wichita Falls, TX",TX,"$184,340","$177,477","$186,836","$175,821","$179,052","$171,491","$175,725","$166,309","$171,118","$162,162"
394359,"Bangor, ME",ME,"$221,773","$222,931","$227,043","$224,048","$223,498","$224,413","$223,598","$222,861","$222,719","$222,322"
395163,"Traverse City, MI",MI,"$346,257","$351,539","$343,907","$326,160","$326,634","$317,665","$312,188","$302,116","$297,003","$287,197"
394314,"Alexandria, LA",LA,"$205,636","$187,453","$182,219","$176,568","$185,393","$175,127","$180,553","$173,277","$178,463","$169,857"
394873,"Monroe, MI",MI,"$224,762","$219,720","$225,780","$225,192","$218,626","$222,189","$220,611","$221,004","$218,728","$219,284"
394537,"Dothan, AL",AL,"$185,928","$188,157","$185,242","$175,531","$176,114","$171,554","$169,230","$163,828","$161,519","$156,505"
394723,"Jefferson City, MO",MO,"$210,755","$214,766","$210,815","$209,441","$210,216","$208,465","$207,315","$206,295","$205,365","$204,066"
394598,"Florence, AL",AL,"$163,934","$164,458","$168,110","$169,871","$169,910","$172,863","$174,333","$176,375","$177,645","$179,733"
395182,"Valdosta, GA",GA,"$206,517","$217,538","$215,798","$212,571","$207,031","$208,846","$202,467","$202,148","$196,772","$196,869"
394802,"London, KY",KY,"$182,081","$176,409","$165,621","$168,354","$171,348","$165,939","$166,802","$166,577","$165,767","$164,738"
395193,"Vineland, NJ",NJ,"$221,432","$219,847","$210,917","$209,799","$203,972","$201,707","$195,173","$193,617","$187,003","$185,138"
395036,"Rocky Mount, NC",NC,"$190,921","$190,844","$194,158","$196,615","$196,055","$199,667","$200,083","$202,916","$203,248","$206,463"
845167,"Ottawa, IL",IL,"$128,794","$127,554","$130,073","$135,259","$137,802","$140,151","$143,716","$146,774","$149,566","$152,724"
395102,"Sioux City, IA",IA,"$196,086","$191,789","$186,106","$182,393","$179,328","$174,573","$170,696","$166,863","$162,859","$158,786"
395013,"Rapid City, SD",SD,"$331,718","$337,750","$336,199","$337,597","$338,797","$340,907","$341,301","$343,522","$344,263","$346,330"
394800,"Logan, UT",UT,"$401,143","$395,838","$406,041","$416,605","$415,978","$424,572","$430,779","$437,081","$442,571","$449,577"
394880,"Morristown, TN",TN,"$231,815","$231,191","$239,884","$244,882","$243,044","$251,311","$252,082","$258,181","$259,093","$266,165"
394515,"Dalton, GA",GA,"$203,089","$205,811","$207,606","$207,687","$206,843","$208,491","$208,053","$208,872","$208,694","$209,717"
394595,"Flagstaff, AZ",AZ,"$591,140","$589,824","$579,640","$569,791","$564,482","$556,008","$547,585","$540,106","$532,379","$524,229"
395232,"Winchester, VA",VA,"$341,949","$340,366","$347,449","$336,811","$335,836","$333,722","$331,696","$327,902","$326,280","$323,166"
394783,"Lebanon, PA",PA,"$241,976","$239,420","$238,173","$230,727","$221,996","$218,677","$211,201","$204,835","$198,342","$192,283"
395000,"Pottsville, PA",PA,"$102,408","$98,588","$101,300","$105,218","$109,532","$110,608","$115,796","$117,579","$122,185","$123,913"
394879,"Morgantown, WV",WV,"$231,265","$233,526","$231,861","$229,257","$229,120","$227,963","$226,460","$225,436","$224,391","$223,149"
395139,"Sumter, SC",SC,"$196,158","$194,775","$196,448","$190,647","$196,741","$190,448","$194,610","$189,077","$193,664","$187,709"
395153,"The Villages, FL",FL,"$412,519","$408,630","$408,883","$405,349","$401,487","$399,417","$396,602","$393,404","$390,732","$387,944"
395094,"Sherman, TX",TX,"$273,583","$278,277","$273,101","$264,777","$257,602","$254,393","$247,045","$241,157","$234,748","$228,953"
395221,"Wheeling, WV",OH,"$125,816","$126,113","$135,391","$134,491","$135,470","$137,625","$139,813","$140,564","$142,952","$144,306"
394756,"La Crosse, WI",WI,"$240,495","$237,813","$237,315","$234,324","$232,439","$229,983","$228,407","$225,993","$224,263","$221,900"
394661,"Hammond, LA",LA,"$224,589","$213,873","$208,085","$200,745","$209,908","$201,115","$203,692","$197,436","$201,480","$193,810"
394900,"Napa, CA",CA,"$908,275","$916,462","$881,975","$864,083","$831,818","$814,527","$781,080","$764,159","$731,004","$713,839"
394668,"Harrisonburg, VA",VA,"$284,138","$299,520","$292,901","$283,077","$277,965","$276,666","$268,862","$264,265","$258,533","$254,405"
394728,"Jonesboro, AR",AR,"$199,127","$208,760","$208,058","$206,514","$192,323","$195,379","$184,393","$184,514","$173,793","$175,212"
394442,"Carbondale, IL",IL,"$125,463","$117,272","$113,976","$110,713","$114,092","$108,864","$110,554","$106,660","$108,499","$103,948"
394577,"Eureka, CA",CA,"$446,932","$433,528","$425,745","$420,115","$412,664","$403,948","$397,106","$389,571","$381,958","$374,265"
395117,"Springfield, OH",OH,"$154,890","$153,098","$151,295","$155,249","$150,509","$153,423","$150,306","$152,733","$149,209","$151,964"
394368,"Battle Creek, MI",MI,"$164,198","$156,315","$152,197","$150,880","$152,331","$147,690","$148,291","$145,406","$145,453","$142,136"
394307,"Albany, OR",OR,"$382,683","$379,182","$372,246","$373,932","$381,303","$377,452","$379,618","$381,138","$382,671","$383,105"
394810,"Lumberton, NC",NC,"$145,804","$133,036","$129,212","$124,965","$135,990","$128,272","$133,260","$128,766","$134,801","$128,548"
394390,"Bismarck, ND",ND,"$286,243","$300,232","$306,771","$306,841","$284,890","$293,390","$278,634","$281,426","$266,042","$271,643"
395098,"Sierra Vista, AZ",AZ,"$250,327","$249,279","$246,669","$236,083","$243,334","$231,581","$234,539","$224,621","$228,476","$217,551"
394780,"Lawton, OK",OK,"$156,113","$149,177","$154,681","$151,306","$148,976","$148,096","$147,193","$144,968","$144,196","$142,563"
394719,"Jamestown, NY",NY,"$144,029","$143,743","$146,997","$141,058","$135,988","$135,491","$131,534","$127,762","$124,886","$121,796"
394474,"Cleveland, TN",TN,"$254,093","$260,773","$257,521","$264,852","$254,272","$264,208","$255,334","$263,635","$254,927","$263,947"
394983,"Pittsfield, MA",MA,"$301,054","$324,775","$326,054","$328,093","$306,678","$316,570","$300,509","$305,420","$289,828","$296,937"
394325,"Ames, IA",IA,"$242,497","$225,809","$216,644","$203,578","$199,552","$186,548","$180,118","$167,984","$162,109","$149,432"
394635,"Goldsboro, NC",NC,"$212,439","$218,756","$214,790","$214,442","$200,856","$201,660","$192,258","$191,268","$180,994","$180,989"
394588,"Farmington, NM",NM,"$241,804","$247,128","$256,649","$259,886","$245,642","$253,437","$251,021","$253,288","$248,559","$250,756"
394905,"New Bern, NC",NC,"$244,880","$255,881","$261,937","$257,336","$254,130","$258,514","$254,373","$253,880","$251,585","$252,190"
394353,"Augusta, ME",ME,"$266,663","$255,981","$253,856","$257,059","$256,082","$253,225","$253,773","$252,997","$251,930","$250,960"
395120,"St. Joseph, MO",MO,"$144,078","$144,470","$148,653","$156,166","$158,395","$163,080","$166,921","$172,063","$175,757","$180,788"
394867,"Missoula, MT",MT,"$527,259","$535,527","$525,093","$516,387","$517,080","$510,633","$504,614","$500,386","$495,748","$490,143"
394321,"Altoona, PA",PA,"$143,977","$143,902","$140,063","$148,969","$155,274","$156,394","$161,726","$167,022","$170,930","$175,289"
394824,"Mansfield, OH",OH,"$145,723","$146,481","$153,511","$162,105","$153,545","$160,263","$161,835","$165,049","$166,132","$169,694"
753890,"Holland, MI",MI,"$271,834","$277,114","$293,505","$288,476","$284,836","$291,491","$290,998","$290,402","$292,233","$293,334"
395237,"Wooster, OH",OH,"$351,876","$375,412","$372,205","$380,787","$305,020","$318,793","$275,454","$277,176","$226,463","$235,620"
394495,"Cookeville, TN",TN,"$255,577","$256,018","$253,979","$249,386","$252,772","$247,489","$248,525","$244,265","$245,786","$240,965"
395089,"Sheboygan, WI",WI,"$227,290","$214,069","$212,433","$211,997","$215,521","$210,481","$214,391","$211,394","$214,532","$211,075"
395217,"Weirton, WV",OH,"$126,198","$126,033","$126,643","$118,587","$117,272","$114,413","$111,399","$107,896","$105,489","$101,927"
753872,"California, MD",MD,"$368,200","$365,629","$357,697","$351,663","$351,320","$344,904","$340,664","$335,642","$331,518","$326,409"
394333,"Anniston, AL",AL,"$159,496","$158,857","$157,319","$146,387","$147,241","$140,497","$139,121","$131,648","$131,490","$123,647"
394893,"Muncie, IN",IN,"$133,825","$137,119","$136,544","$133,732","$133,060","$132,847","$131,373","$130,401","$129,633","$128,595"
395225,"Williamsport, PA",PA,"$183,618","$185,016","$193,634","$184,276","$182,617","$183,098","$180,445","$177,754","$176,549","$174,565"
395173,"Twin Falls, ID",ID,"$344,605","$332,292","$318,941","$301,301","$309,988","$294,488","$292,401","$280,613","$281,073","$266,926"
395095,"Show Low, AZ",AZ,"$378,575","$367,902","$356,778","$342,961","$344,560","$332,075","$327,430","$317,087","$313,921","$302,215"
394804,"Longview, WA",WA,"$353,803","$362,554","$360,101","$357,567","$356,975","$357,188","$355,176","$354,897","$353,667","$353,153"
395039,"Roseburg, OR",OR,"$322,069","$327,954","$325,699","$326,725","$308,405","$310,737","$299,558","$299,199","$286,408","$287,555"
394857,"Michigan City, IN",IN,"$198,506","$202,164","$196,184","$190,445","$189,624","$185,468","$181,304","$178,207","$174,813","$170,978"
394734,"Kankakee, IL",IL,"$168,854","$170,860","$163,335","$167,211","$165,509","$166,795","$163,910","$164,892","$162,632","$163,417"
394788,"Lewiston, ME",ME,"$267,377","$261,261","$262,041","$276,002","$293,769","$295,985","$311,694","$319,880","$333,621","$340,366"
395023,"Richmond, KY",KY,"$242,368","$237,407","$240,685","$235,006","$236,036","$231,356","$232,843","$227,617","$229,184","$224,192"
395213,"Watertown, NY",NY,"$199,581","$195,544","$185,700","$182,032","$180,487","$174,625","$170,397","$166,815","$162,424","$157,951"
395080,"Sebring, FL",FL,"$228,227","$228,720","$225,237","$222,899","$217,343","$215,608","$210,579","$208,432","$203,355","$201,412"
395168,"Tullahoma, TN",TN,"$242,657","$249,042","$251,770","$250,871","$237,464","$241,147","$231,879","$232,403","$222,732","$224,825"
394733,"Kalispell, MT",MT,"$576,818","$564,575","$566,499","$571,787","$570,889","$570,765","$573,173","$573,849","$574,343","$575,636"
395222,"Whitewater, WI",WI,"$298,255","$286,333","$293,048","$294,419","$302,169","$301,972","$310,188","$310,386","$318,288","$318,452"
753912,"Pinehurst, NC",NC,"$393,409","$397,034","$395,008","$387,743","$382,103","$380,150","$372,940","$369,645","$363,498","$360,321"
394762,"LaGrange, GA",GA,"$192,059","$189,177","$187,062","$183,248","$186,933","$183,510","$184,402","$181,957","$183,504","$180,442"
394524,"Decatur, IL",IL,"$111,937","$117,982","$121,287","$128,974","$119,495","$126,201","$122,907","$127,458","$122,710","$128,624"
394599,"Fond du Lac, WI",WI,"$191,031","$197,863","$201,217","$198,153","$197,540","$199,921","$198,371","$198,390","$197,953","$198,431"
394630,"Gettysburg, PA",PA,"$266,470","$253,616","$254,080","$253,852","$253,890","$250,737","$251,013","$249,160","$248,947","$246,800"
394823,"Mankato, MN",MN,"$240,989","$237,198","$243,896","$234,782","$225,126","$224,177","$218,233","$211,590","$207,346","$202,262"
394369,"Bay City, MI",MI,"$140,657","$142,194","$142,894","$139,028","$139,726","$138,837","$138,450","$137,447","$137,167","$136,155"
394794,"Lima, OH",OH,"$148,362","$148,487","$147,351","$140,098","$136,598","$133,819","$128,927","$124,867","$121,169","$116,996"
753915,"Salem, OH",OH,"$143,926","$151,453","$142,430","$140,832","$133,437","$131,415","$123,369","$121,706","$113,769","$111,912"
394709,"Ithaca, NY",NY,"$322,196","$317,459","$317,199","$308,210","$298,433","$294,322","$286,264","$278,790","$271,784","$264,876"
394462,"Cheyenne, WY",WY,"$343,976","$335,486","$341,203","$338,051","$345,013","$343,534","$349,501","$347,765","$354,259","$352,357"
394637,"Grand Forks, ND",MN,"$217,187","$214,749","$206,598","$219,123","$211,306","$216,794","$211,509","$218,625","$211,758","$219,039"
394689,"Hot Springs, AR",AR,"$249,352","$247,711","$234,094","$231,115","$229,879","$222,807","$218,132","$214,414","$209,385","$204,507"
394518,"Danville, VA",VA,"$146,259","$148,444","$158,180","$149,503","$147,577","$149,025","$146,320","$143,641","$142,526","$140,763"
395166,"Truckee, CA",CA,"$607,543","$590,069","$591,896","$599,760","$581,883","$587,402","$579,265","$581,471","$571,017","$575,339"
395190,"Victoria, TX",TX,"$240,688","$233,347","$224,380","$214,806","$217,624","$208,431","$203,871","$197,328","$192,806","$186,286"
395086,"Sevierville, TN",TN,"$427,223","$437,674","$437,292","$451,053","$461,216","$469,246","$477,613","$488,217","$496,123","$505,645"
395090,"Shelby, NC",NC,"$193,144","$193,701","$188,997","$183,787","$188,225","$180,267","$182,410","$176,300","$178,635","$171,618"
395038,"Rome, GA",GA,"$201,153","$197,205","$189,429","$188,224","$183,074","$179,941","$174,510","$171,177","$165,927","$162,578"
394302,"Adrian, MI",MI,"$205,216","$206,459","$202,491","$198,869","$200,893","$196,353","$195,820","$192,451","$192,427","$188,421"
394441,"Cape Girardeau, MO",MO,"$194,968","$192,478","$193,088","$187,234","$187,082","$182,981","$182,267","$177,738","$177,392","$172,835"
394311,"Albertville, AL",AL,"$192,629","$190,432","$192,982","$195,246","$205,643","$206,107","$213,305","$215,463","$223,221","$224,452"
394513,"Cumberland, MD",MD,"$168,665","$167,453","$173,371","$163,892","$157,665","$156,629","$151,859","$146,414","$143,103","$138,902"
394340,"Ashtabula, OH",OH,"$144,300","$144,918","$146,335","$136,449","$142,674","$134,876","$138,487","$131,098","$135,822","$127,919"
394953,"Paducah, KY",KY,"$148,952","$154,846","$171,619","$167,329","$171,020","$177,725","$180,664","$183,103","$187,674","$191,246"
394410,"Brainerd, MN",MN,"$304,067","$299,991","$289,784","$277,385","$272,714","$261,396","$253,884","$243,492","$236,669","$225,675"
394501,"Corning, NY",NY,"$145,203","$139,663","$150,311","$149,772","$147,166","$150,952","$152,103","$152,255","$153,782","$155,178"
394911,"New Philadelphia, OH",OH,"$165,058","$163,427","$162,751","$169,860","$172,574","$174,156","$178,541","$181,795","$184,643","$188,037"
394928,"Ocean City, NJ",NJ,"$520,320","$529,675","$508,026","$504,425","$491,619","$489,626","$477,695","$474,811","$462,982","$460,487"
753887,"Hermiston, OR",OR,"$275,092","$289,490","$284,650","$301,089","$284,962","$305,309","$291,844","$309,712","$296,481","$315,443"
394964,"Parkersburg, WV",WV,"$147,917","$148,844","$145,648","$157,203","$165,404","$167,902","$175,113","$182,346","$187,931","$194,080"
394641,"Grants Pass, OR",OR,"$388,892","$391,203","$397,971","$400,629","$389,020","$394,442","$392,301","$393,608","$389,513","$390,799"
394373,"Beaver Dam, WI",WI,"$212,057","$215,930","$218,146","$220,400","$233,296","$235,601","$242,041","$246,694","$253,136","$257,823"
394980,"Pine Bluff, AR",AR,"$148,365","$148,011","$149,291","$149,479","$152,404","$152,713","$154,844","$155,430","$157,747","$158,158"
395248,"Zanesville, OH",OH,"$149,271","$157,158","$158,036","$157,881","$165,937","$165,179","$170,049","$170,496","$176,084","$175,857"
395042,"Russellville, AR",AR,"$173,154","$172,390","$172,534","$168,335","$169,157","$166,386","$166,496","$163,460","$163,953","$160,848"
394907,"New Castle, PA",PA,"$146,354","$145,668","$138,157","$137,953","$134,032","$132,515","$127,770","$125,803","$121,515","$119,496"
395212,"Watertown, WI",WI,"$264,525","$264,036","$271,150","$269,144","$260,746","$262,852","$260,322","$257,630","$254,635","$253,466"
394489,"Columbus, IN",IN,"$238,914","$232,599","$231,207","$234,445","$233,021","$231,818","$232,016","$231,737","$230,903","$230,763"
394345,"Athens, TX",TX,"$312,292","$329,590","$320,068","$296,507","$272,946","$267,423","$240,961","$227,778","$204,878","$193,199"
394704,"Indiana, PA",PA,"$127,433","$123,291","$130,411","$131,420","$133,480","$135,030","$137,962","$139,488","$142,020","$143,686"
394682,"Hinesville, GA",GA,"$224,246","$223,056","$222,457","$220,929","$224,407","$222,980","$224,538","$223,801","$225,803","$224,635"
394755,"Kokomo, IN",IN,"$150,064","$139,441","$148,332","$152,466","$149,771","$152,576","$155,782","$156,570","$158,293","$160,620"
394675,"Helena, MT",MT,"$420,578","$420,982","$410,704","$398,764","$403,317","$389,172","$387,381","$376,116","$375,595","$362,762"
395231,"Wilson, NC",NC,"$194,055","$204,045","$199,876","$189,029","$186,876","$183,508","$177,931","$173,356","$169,647","$164,514"
394644,"Great Falls, MT",MT,"$286,553","$293,171","$288,300","$293,355","$292,021","$295,945","$293,746","$298,411","$296,157","$300,491"
395126,"Statesboro, GA",GA,"$229,977","$239,972","$242,018","$232,680","$223,005","$224,194","$213,618","$210,139","$201,333","$198,904"
394445,"Casper, WY",WY,"$268,202","$263,116","$267,349","$268,964","$271,427","$272,400","$275,062","$276,194","$278,724","$279,865"
395085,"Seneca, SC",SC,"$278,236","$261,695","$278,302","$280,783","$292,098","$295,133","$308,769","$310,900","$324,022","$326,656"
395205,"Warsaw, IN",IN,"$201,175","$212,621","$225,611","$240,071","$229,579","$244,553","$244,846","$256,084","$253,834","$267,441"
394822,"Manitowoc, WI",WI,"$164,282","$166,738","$168,174","$170,242","$166,450","$168,794","$167,363","$168,852","$166,876","$168,898"
395077,"Searcy, AR",AR,"$162,859","$164,023","$175,144","$186,179","$195,938","$204,605","$215,379","$224,540","$234,757","$243,994"
753881,"Glenwood Springs, CO",CO,"$564,767","$593,218","$593,414","$589,192","$553,937","$563,548","$536,136","$538,047","$511,458","$516,742"
394674,"Heber, UT",UT,"$1,036,098","$974,304","$979,370","$945,138","$997,451","$966,449","$996,001","$972,969","$1,007,860","$979,795"
753893,"Jefferson, GA",GA,"$362,027","$355,839","$350,141","$341,233","$341,499","$330,693","$329,497","$319,936","$318,651","$308,533"
394350,"Auburn, NY",NY,"$163,377","$165,206","$162,173","$170,421","$173,469","$175,655","$179,372","$183,346","$186,218","$189,713"
394936,"Olean, NY",NY,"$133,740","$136,511","$139,612","$129,256","$123,420","$122,247","$115,336","$110,276","$105,033","$100,179"
394593,"Findlay, OH",OH,"$187,051","$186,262","$180,690","$187,065","$188,718","$188,520","$190,756","$192,831","$194,000","$195,637"
394516,"Danville, IL",IL,"$94,882","$92,904","$86,876","$90,241","$81,835","$84,115","$77,007","$79,096","$71,432","$73,772"
394955,"Palatka, FL",FL,"$198,674","$209,260","$188,860","$202,680","$193,901","$202,727","$191,529","$203,095","$191,521","$201,907"
395010,"Quincy, IL",IL,"$141,105","$143,667","$146,099","$154,025","$159,702","$163,907","$170,104","$175,730","$181,117","$186,514"
394999,"Portsmouth, OH",OH,"$138,331","$135,215","$130,561","$119,894","$113,976","$107,719","$100,322","$93,179","$86,679","$79,434"
394614,"Frankfort, KY",KY,"$216,097","$213,062","$221,661","$224,640","$224,773","$229,243","$232,410","$234,924","$237,676","$241,028"
394744,"Key West, FL",FL,"$850,075","$856,435","$838,592","$840,218","$851,479","$846,128","$847,153","$849,617","$851,638","$851,200"
395062,"Sandusky, OH",OH,"$174,774","$171,147","$170,951","$176,886","$167,965","$174,681","$169,620","$174,865","$168,938","$175,005"
395088,"Shawnee, OK",OK,"$173,764","$168,946","$163,858","$166,301","$166,247","$163,574","$164,107","$163,608","$163,212","$162,596"
395106,"Somerset, PA",PA,"$185,381","$182,772","$179,548","$177,323","$165,221","$163,226","$155,193","$151,780","$142,790","$140,274"
753928,"Wisconsin Rapids, WI",WI,"$174,350","$171,544","$169,958","$166,464","$168,419","$165,500","$165,666","$163,341","$163,938","$161,230"
394699,"Huntsville, TX",TX,"$261,481","$262,232","$245,151","$233,657","$233,519","$219,088","$210,883","$200,162","$193,555","$182,657"
394736,"Kapaa, HI",HI,"$926,134","$858,978","$886,854","$897,097","$899,620","$898,385","$911,960","$909,594","$918,315","$917,832"
394683,"Hobbs, NM",NM,"$191,062","$190,719","$195,661","$211,677","$195,477","$214,915","$207,689","$222,945","$213,960","$231,484"
394884,"Mount Airy, NC",NC,"$178,837","$182,584","$182,500","$181,479","$174,807","$176,007","$170,908","$170,685","$165,711","$166,117"
394655,"Greenwood, SC",SC,"$191,707","$187,108","$192,891","$191,651","$192,488","$192,711","$193,959","$193,995","$195,161","$195,299"
394647,"Greeneville, TN",TN,"$189,786","$185,928","$179,787","$195,283","$191,866","$194,633","$195,580","$199,064","$199,490","$202,895"
394877,"Morehead City, NC",NC,"$392,745","$386,087","$394,105","$398,893","$392,722","$399,702","$400,817","$404,608","$404,226","$407,998"
394885,"Mount Pleasant, MI",MI,"$177,844","$176,751","$176,547","$167,692","$161,986","$158,814","$152,437","$146,984","$141,599","$136,323"
394752,"Klamath Falls, OR",OR,"$292,475","$290,100","$276,795","$266,367","$273,070","$262,754","$258,348","$252,071","$248,092","$241,417"
394922,"North Wilkesboro, NC",NC,"$222,353","$228,059","$208,001","$177,371","$171,802","$152,996","$134,030","$117,065","$101,411","$82,972"
394897,"Muskogee, OK",OK,"$158,247","$157,454","$162,511","$163,295","$170,722","$172,429","$178,577","$180,506","$187,194","$188,865"
394586,"Faribault, MN",MN,"$287,997","$289,713","$298,362","$278,655","$263,706","$261,827","$249,236","$237,375","$228,184","$218,336"
394600,"Forest City, NC",NC,"$212,328","$212,364","$209,790","$193,374","$181,824","$175,719","$162,724","$152,200","$141,180","$131,550"
394587,"Farmington, MO",MO,"$166,156","$170,042","$172,190","$163,457","$159,177","$158,411","$152,900","$148,972","$144,944","$141,632"
395021,"Richmond, IN",IN,"$132,888","$132,550","$117,461","$112,159","$109,262","$100,019","$93,486","$87,753","$80,859","$73,982"
395105,"Somerset, KY",KY,"$194,638","$190,412","$197,224","$195,741","$186,623","$187,799","$185,204","$183,281","$179,426","$178,289"
394826,"Marion, IN",IN,"$123,771","$118,802","$122,889","$127,394","$123,196","$128,354","$127,844","$131,617","$130,273","$134,821"
394827,"Marion, OH",OH,"$133,689","$136,451","$141,015","$147,623","$139,257","$144,542","$142,514","$145,623","$142,094","$144,062"
394496,"Coos Bay, OR",OR,"$343,779","$322,556","$330,198","$336,391","$350,437","$348,472","$363,818","$365,320","$379,058","$379,878"
395016,"Red Bluff, CA",CA,"$312,136","$300,952","$273,915","$269,628","$283,844","$266,648","$264,881","$257,660","$258,188","$250,182"
394472,"Clearlake, CA",CA,"$329,354","$332,770","$328,847","$326,377","$321,491","$320,075","$315,052","$313,181","$308,357","$306,579"
394360,"Baraboo, WI",WI,"$231,507","$241,438","$238,280","$247,117","$241,666","$251,648","$246,621","$255,988","$251,073","$260,698"
394787,"Lewiston, ID",ID,"$331,742","$325,858","$313,204","$304,281","$316,068","$305,707","$304,119","$298,570","$296,918","$291,548"
394629,"Georgetown, SC",SC,"$357,580","$358,964","$365,770","$365,656","$370,999","$371,945","$377,449","$377,863","$383,545","$384,086"
394309,"Albemarle, NC",NC,"$246,765","$256,670","$251,793","$250,722","$238,772","$240,185","$229,892","$229,738","$219,598","$220,135"
394889,"Mount Vernon, OH",OH,"$201,992","$206,525","$205,365","$215,711","$223,240","$227,399","$233,934","$241,170","$246,684","$252,972"
395063,"Sanford, NC",NC,"$273,048","$277,767","$276,751","$271,368","$280,215","$273,791","$278,313","$273,574","$279,054","$273,377"
394509,"Crossville, TN",TN,"$257,513","$275,552","$273,920","$273,547","$252,606","$258,694","$242,381","$244,315","$228,358","$232,134"
394456,"Charleston, IL",IL,"$113,296","$115,719","$112,301","$115,237","$111,859","$114,547","$111,255","$114,001","$110,655","$113,406"
395136,"Sturgis, MI",MI,"$171,764","$176,305","$169,407","$161,997","$162,430","$156,778","$152,458","$148,360","$144,658","$139,975"
753903,"Marietta, OH",OH,"$143,601","$157,729","$167,114","$166,784","$160,025","$168,511","$164,488","$168,196","$165,637","$170,535"
394432,"Calhoun, GA",GA,"$240,348","$243,169","$239,841","$234,366","$231,319","$229,040","$224,964","$221,683","$218,577","$215,196"
394591,"Fergus Falls, MN",MN,"$227,616","$223,111","$211,737","$191,705","$195,378","$173,783","$170,852","$151,825","$150,358","$129,901"
394336,"Ardmore, OK",OK,"$197,788","$191,250","$191,280","$172,682","$176,204","$160,677","$161,812","$146,001","$148,316","$132,103"
394443,"Carlsbad, NM",NM,"$225,876","$219,274","$220,284","$205,342","$202,839","$192,421","$189,189","$176,850","$174,511","$162,550"
394618,"Fremont, OH",OH,"$139,213","$141,435","$143,534","$141,734","$141,425","$142,338","$141,659","$141,482","$141,295","$141,181"
394592,"Fernley, NV",NV,"$394,795","$383,350","$393,914","$388,894","$390,833","$387,265","$388,830","$384,680","$386,570","$382,517"
753877,"Cullowhee, NC",NC,"$353,013","$373,001","$364,448","$369,688","$379,722","$382,036","$385,894","$391,817","$396,643","$400,710"
394621,"Gaffney, SC",SC,"$164,213","$153,308","$160,676","$159,477","$173,156","$172,029","$182,757","$182,698","$194,107","$193,382"
394547,"Durango, CO",CO,"$544,811","$556,172","$549,771","$552,308","$535,784","$538,187","$526,400","$527,089","$514,210","$515,968"
394402,"Boone, NC",NC,"$403,097","$403,056","$422,833","$413,877","$419,974","$418,565","$426,955","$426,099","$433,285","$432,812"
394411,"Branson, MO",MO,"$256,908","$252,429","$253,901","$251,475","$246,983","$246,523","$244,120","$241,730","$239,505","$237,586"
394444,"Carson City, NV",NV,"$451,846","$440,380","$447,078","$426,533","$454,353","$427,028","$449,690","$426,799","$449,131","$424,262"
394940,"Ontario, OR",OR,"$306,084","$299,149","$280,565","$263,992","$277,225","$262,293","$256,845","$248,557","$243,999","$234,958"
394750,"Kinston, NC",NC,"$141,250","$145,333","$151,879","$143,675","$137,911","$139,325","$134,685","$130,681","$127,903","$124,906"
394993,"Poplar Bluff, MO",MO,"$154,496","$148,940","$155,346","$150,680","$148,164","$146,660","$145,408","$142,521","$141,449","$139,160"
395122,"St. Marys, GA",GA,"$263,394","$263,515","$265,975","$261,332","$269,574","$264,060","$269,832","$265,444","$271,709","$266,708"
394566,"Elko, NV",NV,"$323,575","$324,962","$315,549","$307,937","$314,378","$301,899","$304,394","$295,158","$297,961","$287,141"
395157,"Tiffin, OH",OH,"$141,062","$140,076","$136,022","$130,680","$128,475","$124,549","$120,663","$116,984","$113,491","$109,639"
394556,"Edwards, CO",CO,"$898,580","$907,557","$945,592","$917,086","$882,700","$893,434","$871,423","$855,383","$841,878","$829,874"
394721,"Jasper, IN",IN,"$170,741","$171,869","$175,866","$178,638","$177,527","$180,488","$182,024","$184,054","$185,492","$187,592"
394517,"Danville, KY",KY,"$199,470","$194,179","$187,086","$186,330","$194,715","$189,316","$193,813","$191,539","$196,362","$192,554"
395131,"Sterling, IL",IL,"$108,990","$114,380","$117,198","$113,241","$107,065","$108,873","$103,938","$102,758","$98,786","$98,334"
394967,"Payson, AZ",AZ,"$378,971","$394,073","$396,613","$375,805","$353,057","$352,811","$332,105","$318,571","$302,503","$289,459"
395204,"Warrensburg, MO",MO,"$224,269","$238,010","$240,273","$242,928","$244,810","$250,672","$252,677","$257,018","$259,565","$264,259"
394344,"Athens, TN",TN,"$218,527","$222,354","$222,507","$220,450","$216,985","$217,705","$214,587","$213,930","$211,279","$210,950"
394562,"Elizabeth City, NC",NC,"$236,729","$228,528","$235,868","$232,320","$239,406","$233,759","$241,607","$236,443","$243,816","$238,703"
394861,"Milledgeville, GA",GA,"$275,621","$276,450","$251,279","$261,107","$305,883","$295,764","$312,033","$318,277","$339,113","$344,387"
394571,"Enterprise, AL",AL,"$204,089","$203,651","$199,401","$208,597","$198,753","$206,427","$199,561","$206,304","$198,703","$206,061"
394742,"Kerrville, TX",TX,"$385,367","$364,469","$368,805","$329,638","$353,133","$311,639","$326,809","$288,896","$305,798","$265,921"
394604,"Fort Leonard Wood, MO",MO,"$197,135","$190,423","$191,640","$191,460","$184,461","$185,572","$182,070","$181,566","$177,373","$176,276"
394363,"Bartlesville, OK",OK,"$190,908","$193,480","$186,442","$172,706","$160,128","$153,963","$140,088","$130,727","$118,368","$109,625"
394652,"Greenville, OH",OH,"$165,216","$169,638","$161,549","$163,925","$164,437","$163,885","$163,096","$163,878","$162,934","$163,134"
394985,"Platteville, WI",WI,"$174,341","$177,850","$177,387","$163,267","$157,835","$154,026","$145,339","$138,594","$132,673","$125,659"
394503,"Corsicana, TX",TX,"$225,111","$229,222","$222,736","$220,968","$224,372","$219,595","$218,901","$216,542","$216,483","$214,048"
395029,"Rochelle, IL",IL,"$167,122","$158,162","$156,273","$156,725","$154,917","$151,747","$150,696","$148,865","$146,855","$144,873"
395091,"Shelbyville, TN",TN,"$254,074","$254,753","$265,979","$276,123","$272,427","$287,051","$287,102","$298,712","$298,450","$311,539"
394625,"Galesburg, IL",IL,"$88,132","$87,051","$84,157","$89,937","$86,006","$88,856","$86,262","$89,695","$86,374","$89,921"
395144,"Tahlequah, OK",OK,"$179,193","$183,366","$176,695","$177,665","$175,535","$175,700","$173,572","$174,110","$171,845","$172,298"
753911,"Ozark, AL",AL,"$155,483","$151,944","$151,734","$148,920","$142,787","$140,706","$137,187","$133,981","$129,918","$126,980"
394478,"Clovis, NM",NM,"$202,068","$202,221","$206,316","$200,654","$189,600","$190,113","$184,325","$179,236","$174,146","$170,178"
394876,"Montrose, CO",CO,"$439,941","$436,508","$433,507","$413,133","$410,542","$397,939","$392,647","$378,215","$374,633","$360,038"
394954,"Pahrump, NV",NV,"$353,875","$349,936","$351,297","$348,935","$340,271","$338,832","$334,857","$331,637","$327,502","$324,480"
394906,"New Castle, IN",IN,"$150,954","$131,801","$125,875","$124,420","$139,307","$129,531","$139,879","$134,717","$144,537","$137,362"
394437,"Ca-Â¦on City, CO",CO,"$329,422","$333,474","$327,260","$316,397","$313,592","$307,886","$301,283","$295,029","$289,908","$283,599"
394739,"Kendallville, IN",IN,"$184,812","$181,661","$192,543","$184,041","$183,887","$180,928","$182,805","$179,272","$180,627","$177,491"
394887,"Mount Sterling, KY",KY,"$183,670","$180,307","$178,214","$176,881","$179,837","$177,273","$178,189","$176,735","$177,998","$175,941"
395208,"Washington, NC",NC,"$252,420","$247,506","$230,945","$237,626","$243,671","$237,504","$239,885","$242,011","$241,741","$242,057"
753865,"Bardstown, KY",KY,"$244,414","$234,942","$225,909","$228,597","$229,379","$223,706","$225,090","$223,762","$223,552","$222,198"
394500,"Cornelia, GA",GA,"$266,264","$261,646","$263,583","$263,537","$264,450","$264,021","$264,885","$264,647","$265,447","$265,162"
753889,"Hillsdale, MI",MI,"$174,958","$169,893","$171,418","$163,883","$154,965","$151,576","$145,475","$138,874","$133,219","$127,574"
394375,"Bedford, IN",IN,"$161,444","$174,326","$167,845","$161,767","$153,544","$153,120","$145,919","$142,613","$136,359","$133,750"
394850,"Menomonie, WI",WI,"$238,084","$228,473","$213,356","$216,723","$209,315","$202,297","$196,643","$191,987","$185,171","$180,072"
394779,"Lawrenceburg, TN",TN,"$212,918","$213,654","$196,106","$186,615","$183,645","$171,558","$162,796","$153,543","$145,872","$135,862"
395037,"Rolla, MO",MO,"$180,047","$184,008","$195,029","$180,354","$182,429","$182,206","$179,919","$177,175","$177,081","$174,167"
395087,"Seymour, IN",IN,"$195,920","$190,293","$188,763","$188,909","$180,265","$181,502","$175,893","$175,739","$169,527","$170,129"
394384,"Big Rapids, MI",MI,"$170,861","$175,008","$173,219","$165,914","$164,100","$162,112","$158,362","$155,235","$152,750","$149,455"
394616,"Freeport, IL",IL,"$118,326","$133,325","$128,634","$126,554","$103,597","$107,041","$88,658","$88,396","$69,639","$71,193"
394842,"McAlester, OK",OK,"$172,135","$165,502","$179,288","$177,580","$174,331","$178,334","$179,509","$178,999","$180,695","$181,883"
394349,"Auburn, IN",IN,"$163,217","$173,958","$184,219","$195,205","$192,361","$204,032","$207,108","$216,638","$218,347","$229,212"
394482,"Coldwater, MI",MI,"$161,187","$163,783","$156,192","$157,387","$157,403","$155,967","$154,670","$154,613","$153,149","$152,493"
394990,"Ponca City, OK",OK,"$119,542","$110,362","$121,219","$110,447","$108,087","$102,109","$99,773","$93,851","$91,488","$85,555"
395228,"Willmar, MN",MN,"$194,425","$181,843","$186,449","$192,959","$197,416","$197,577","$203,280","$206,467","$210,728","$213,332"
394448,"Cedartown, GA",GA,"$190,999","$191,600","$196,606","$199,824","$194,642","$197,872","$198,228","$199,439","$199,557","$200,997"
394476,"Clewiston, FL",FL,"$159,057","$108,680","$130,183","$150,552","$156,615","$160,629","$177,391","$183,589","$192,985","$201,647"
395230,"Wilmington, OH",OH,"$179,125","$179,103","$178,066","$183,000","$184,207","$185,612","$187,878","$190,027","$191,627","$193,832"
394341,"Astoria, OR",OR,"$510,697","$477,284","$485,741","$511,858","$502,432","$508,610","$516,298","$521,210","$524,125","$530,700"
394319,"Alma, MI",MI,"$135,354","$135,136","$137,353","$135,053","$138,459","$136,495","$139,264","$137,498","$140,425","$138,528"
395219,"West Plains, MO",MO,"$180,759","$185,490","$182,303","$175,187","$173,098","$170,284","$166,209","$162,712","$159,712","$155,892"
394663,"Hannibal, MO",MO,"$173,287","$164,501","$155,485","$149,553","$141,402","$133,595","$126,040","$118,542","$110,700","$103,228"
394300,"Ada, OK",OK,"$166,592","$149,416","$170,329","$170,046","$191,576","$194,423","$214,763","$216,907","$237,913","$239,991"
394507,"Crawfordsville, IN",IN,"$172,700","$172,879","$168,046","$167,663","$161,318","$161,634","$155,588","$155,524","$149,538","$149,636"
394526,"Defiance, OH",OH,"$132,793","$131,716","$134,715","$138,078","$141,962","$143,809","$148,156","$150,382","$154,419","$156,615"
394422,"Brownwood, TX",TX,"$180,308","$174,470","$163,796","$155,632","$158,811","$149,912","$145,643","$139,409","$135,195","$128,973"
394745,"Kill Devil Hills, NC",NC,"$565,674","$539,002","$538,619","$496,930","$520,120","$471,360","$488,628","$444,627","$462,393","$416,056"
394888,"Mount Vernon, IL",IL,"$122,230","$128,539","$141,328","$140,806","$127,588","$135,471","$132,671","$134,056","$129,760","$131,434"
394451,"Centralia, IL",IL,"$104,722","$96,826","$101,719","$90,512","$96,815","$86,301","$91,830","$81,420","$87,283","$76,726"
394554,"Easton, MD",MD,"$424,358","$424,729","$433,579","$429,434","$407,818","$411,721","$403,362","$400,038","$389,428","$386,336"
395187,"Vernal, UT",UT,"$257,237","$260,896","$245,622","$254,135","$265,036","$263,222","$267,437","$273,552","$276,607","$280,132"
394781,"Lebanon, MO",MO,"$181,993","$180,680","$174,294","$170,081","$153,312","$149,863","$137,729","$132,553","$119,367","$115,159"
394992,"Pontiac, IL",IL,"$132,953","$127,819","$109,738","$107,527","$120,107","$109,225","$109,490","$102,313","$105,668","$99,934"
394414,"Brevard, NC",NC,"$424,017","$396,231","$403,873","$406,802","$415,667","$412,374","$419,316","$419,393","$425,301","$424,540"
394557,"Effingham, IL",IL,"$146,697","$143,829","$130,921","$134,500","$136,742","$131,726","$131,507","$131,727","$129,849","$128,714"
395150,"Taylorville, IL",IL,"$100,921","$99,098","$102,965","$104,494","$105,837","$107,028","$109,214","$110,545","$112,156","$113,683"
394433,"Cambridge, MD",MD,"$247,089","$247,906","$256,848","$253,012","$257,674","$257,065","$262,157","$259,942","$265,575","$263,744"
753871,"Breckenridge, CO",CO,"$954,377","$915,487","$968,988","$983,909","$1,023,962","$1,039,847","$1,085,909","$1,099,560","$1,144,257","$1,159,286"
753901,"Ludington, MI",MI,"$228,934","$223,445","$233,772","$226,381","$210,103","$210,188","$203,211","$195,524","$189,066","$183,560"
753926,"Weatherford, OK",OK,"$155,313","$156,758","$141,539","$141,632","$119,269","$122,064","$101,310","$102,593","$81,985","$83,935"
394320,"Alpena, MI",MI,"$156,326","$151,989","$143,070","$142,780","$141,544","$136,604","$134,217","$132,020","$128,749","$125,858"
395159,"Toccoa, GA",GA,"$197,087","$196,088","$187,996","$192,815","$208,645","$205,616","$212,107","$215,048","$222,832","$225,411"
753921,"Steamboat Springs, CO",CO,"$911,903","$881,149","$867,500","$824,084","$840,914","$787,670","$797,071","$750,243","$759,160","$709,471"
